feature,importance
numeric__total_effort_minutes,0.9961646363753923
numeric__overtime_hours_total,0.00033945362297989893
numeric__concurrent_assignments,0.00030917540686304946
numeric__completed_points_per_task,0.0002975284897279778
numeric__historical_velocity_avg,0.0002918373505250916
numeric__effort_per_developer,0.0002816385438040133
numeric__sprint_number,0.0002734805514414781
numeric__planned_points_per_task,0.00026446259657066454
numeric__overtime_per_person,0.00020332507377761745
numeric__avg_seniority_level,0.00019618056037007704
numeric__planned_story_points,0.00019588702753016408
numeric__team_size,0.00019249180874381726
numeric__effort_per_task,0.00017662843142729573
numeric__story_point_completion_ratio,0.0001742241065901607
numeric__skill_match_ratio,0.0001531017314464792
numeric__total_tasks,0.00013891547249412757
numeric__absence_days_total,0.00011495850765884365
numeric__completed_story_points,0.00010767990650220328
numeric__developer_availability_rate,5.542090126746531e-05
categorical__team_id_T12,3.33392875063306e-05
categorical__team_id_T24,1.946892697907874e-05
numeric__availability_adjusted_capacity,1.1329737915641654e-05
categorical__team_id_T28,2.674262086535611e-06
numeric__total_time_spent,5.990897692649277e-07
categorical__team_id_T4,5.111260017975565e-07
categorical__team_id_T34,2.533150069031271e-07
categorical__team_id_T1,1.882961057187672e-07
categorical__team_id_T22,1.1372428885345657e-07
categorical__team_id_T35,1.1335402372338172e-07
categorical__team_id_T26,8.058717391561892e-08
categorical__team_id_T36,7.313036272186862e-08
categorical__team_id_T27,6.334526967112605e-08
categorical__team_id_T19,3.907092891629917e-08
categorical__team_id_T30,3.634739237705109e-08
categorical__team_id_T11,2.0253019394883937e-08
categorical__team_id_T23,1.7609210288399138e-08
categorical__team_id_T3,1.2516990951645673e-08
categorical__team_id_T25,1.1324167152904574e-08
categorical__team_id_T13,5.759220127012913e-09
categorical__team_id_T21,4.644871159306306e-09
categorical__team_id_T20,3.5415440275154e-09
categorical__team_id_T32,2.944956368503587e-09
categorical__team_id_T7,2.9007547541412704e-09
categorical__team_id_T31,2.174473423724525e-09
categorical__team_id_T18,1.5879906559192112e-09
categorical__team_id_T15,1.271651677250773e-09
categorical__team_id_T44,9.481335944861342e-10
categorical__team_id_T5,9.133236288631563e-10
categorical__team_id_T17,5.713939150487907e-10
categorical__team_id_T6,4.811589882781119e-10
categorical__team_id_T2,2.6567048713408055e-10
categorical__team_id_T9,2.0439194945136854e-10
categorical__team_id_T16,1.3167147754300306e-11
categorical__team_id_T10,7.986184506754325e-12
categorical__sprint_id_S4240,0.0
categorical__sprint_id_S4212,0.0
categorical__sprint_id_S4213,0.0
categorical__sprint_id_S4215,0.0
categorical__sprint_id_S4216,0.0
categorical__sprint_id_S422,0.0
categorical__sprint_id_S4221,0.0
categorical__sprint_id_S4224,0.0
categorical__sprint_id_S4225,0.0
categorical__sprint_id_S4229,0.0
categorical__sprint_id_S4226,0.0
categorical__sprint_id_S4241,0.0
categorical__sprint_id_S4230,0.0
categorical__sprint_id_S4231,0.0
categorical__sprint_id_S4233,0.0
categorical__sprint_id_S4235,0.0
categorical__sprint_id_S4239,0.0
categorical__sprint_id_S424,0.0
categorical__sprint_id_S421,0.0
categorical__sprint_id_S4244,0.0
categorical__sprint_id_S4210,0.0
categorical__sprint_id_S4193,0.0
categorical__sprint_id_S4206,0.0
categorical__sprint_id_S4205,0.0
categorical__sprint_id_S4176,0.0
categorical__sprint_id_S4172,0.0
categorical__sprint_id_S4246,0.0
categorical__sprint_id_S4179,0.0
categorical__sprint_id_S4181,0.0
categorical__sprint_id_S4184,0.0
categorical__sprint_id_S4186,0.0
categorical__sprint_id_S4189,0.0
categorical__sprint_id_S419,0.0
categorical__sprint_id_S4190,0.0
categorical__sprint_id_S4191,0.0
categorical__sprint_id_S4195,0.0
categorical__sprint_id_S4197,0.0
categorical__sprint_id_S42,0.0
categorical__sprint_id_S420,0.0
categorical__sprint_id_S4201,0.0
categorical__sprint_id_S4202,0.0
categorical__sprint_id_S4203,0.0
categorical__sprint_id_S4204,0.0
categorical__sprint_id_S4245,0.0
categorical__sprint_id_S4283,0.0
categorical__sprint_id_S4247,0.0
categorical__sprint_id_S4248,0.0
categorical__sprint_id_S4282,0.0
categorical__sprint_id_S4168,0.0
categorical__sprint_id_S4284,0.0
categorical__sprint_id_S4285,0.0
categorical__sprint_id_S4286,0.0
categorical__sprint_id_S4287,0.0
categorical__sprint_id_S4288,0.0
categorical__sprint_id_S429,0.0
categorical__sprint_id_S4290,0.0
categorical__sprint_id_S4291,0.0
categorical__sprint_id_S4292,0.0
categorical__sprint_id_S4293,0.0
categorical__sprint_id_S4294,0.0
categorical__sprint_id_S4295,0.0
categorical__sprint_id_S4297,0.0
categorical__sprint_id_S4298,0.0
categorical__sprint_id_S4299,0.0
categorical__sprint_id_S43,0.0
categorical__sprint_id_S4304,0.0
categorical__sprint_id_S4281,0.0
categorical__sprint_id_S4280,0.0
categorical__sprint_id_S428,0.0
categorical__sprint_id_S4260,0.0
categorical__sprint_id_S4251,0.0
categorical__sprint_id_S4252,0.0
categorical__sprint_id_S4253,0.0
categorical__sprint_id_S4254,0.0
categorical__sprint_id_S4255,0.0
categorical__sprint_id_S4258,0.0
categorical__sprint_id_S4259,0.0
categorical__sprint_id_S426,0.0
categorical__sprint_id_S4264,0.0
categorical__sprint_id_S4278,0.0
categorical__sprint_id_S4265,0.0
categorical__sprint_id_S4266,0.0
categorical__sprint_id_S4268,0.0
categorical__sprint_id_S4269,0.0
categorical__sprint_id_S427,0.0
categorical__sprint_id_S4271,0.0
categorical__sprint_id_S4272,0.0
categorical__sprint_id_S4277,0.0
categorical__sprint_id_S4171,0.0
categorical__sprint_id_S4130,0.0
categorical__sprint_id_S4167,0.0
categorical__sprint_id_S4106,0.0
categorical__sprint_id_S4082,0.0
categorical__sprint_id_S4083,0.0
categorical__sprint_id_S4084,0.0
categorical__sprint_id_S4085,0.0
categorical__sprint_id_S4086,0.0
categorical__sprint_id_S4088,0.0
categorical__sprint_id_S409,0.0
categorical__sprint_id_S4091,0.0
categorical__sprint_id_S4092,0.0
categorical__sprint_id_S4093,0.0
categorical__sprint_id_S4094,0.0
categorical__sprint_id_S4095,0.0
categorical__sprint_id_S4096,0.0
categorical__sprint_id_S4097,0.0
categorical__sprint_id_S4098,0.0
categorical__sprint_id_S41,0.0
categorical__sprint_id_S4100,0.0
categorical__sprint_id_S4101,0.0
categorical__sprint_id_S4102,0.0
categorical__sprint_id_S4081,0.0
categorical__sprint_id_S4080,0.0
categorical__sprint_id_S408,0.0
categorical__sprint_id_S4065,0.0
categorical__sprint_id_S4054,0.0
categorical__sprint_id_S4055,0.0
categorical__sprint_id_S4057,0.0
categorical__sprint_id_S4058,0.0
categorical__sprint_id_S4059,0.0
categorical__sprint_id_S4061,0.0
categorical__sprint_id_S4063,0.0
categorical__sprint_id_S4064,0.0
categorical__sprint_id_S4066,0.0
categorical__sprint_id_S4079,0.0
categorical__sprint_id_S4067,0.0
categorical__sprint_id_S4068,0.0
categorical__sprint_id_S407,0.0
categorical__sprint_id_S4070,0.0
categorical__sprint_id_S4071,0.0
categorical__sprint_id_S4074,0.0
categorical__sprint_id_S4075,0.0
categorical__sprint_id_S4076,0.0
categorical__sprint_id_S4105,0.0
categorical__sprint_id_S4107,0.0
categorical__sprint_id_S4166,0.0
categorical__sprint_id_S4108,0.0
categorical__sprint_id_S4139,0.0
categorical__sprint_id_S414,0.0
categorical__sprint_id_S4143,0.0
categorical__sprint_id_S4144,0.0
categorical__sprint_id_S4146,0.0
categorical__sprint_id_S4147,0.0
categorical__sprint_id_S4148,0.0
categorical__sprint_id_S415,0.0
categorical__sprint_id_S4150,0.0
categorical__sprint_id_S4152,0.0
categorical__sprint_id_S4153,0.0
categorical__sprint_id_S4154,0.0
categorical__sprint_id_S4155,0.0
categorical__sprint_id_S4157,0.0
categorical__sprint_id_S4158,0.0
categorical__sprint_id_S4159,0.0
categorical__sprint_id_S416,0.0
categorical__sprint_id_S4163,0.0
categorical__sprint_id_S4164,0.0
categorical__sprint_id_S4138,0.0
categorical__sprint_id_S4137,0.0
categorical__sprint_id_S4136,0.0
categorical__sprint_id_S4119,0.0
categorical__sprint_id_S4109,0.0
categorical__sprint_id_S411,0.0
categorical__sprint_id_S4112,0.0
categorical__sprint_id_S4113,0.0
categorical__sprint_id_S4114,0.0
categorical__sprint_id_S4116,0.0
categorical__sprint_id_S4117,0.0
categorical__sprint_id_S4118,0.0
categorical__sprint_id_S4120,0.0
categorical__sprint_id_S4134,0.0
categorical__sprint_id_S4121,0.0
categorical__sprint_id_S4122,0.0
categorical__sprint_id_S4124,0.0
categorical__sprint_id_S4125,0.0
categorical__sprint_id_S4126,0.0
categorical__sprint_id_S413,0.0
categorical__sprint_id_S4306,0.0
categorical__sprint_id_S4133,0.0
categorical__sprint_id_S4305,0.0
categorical__sprint_id_S4336,0.0
categorical__sprint_id_S4307,0.0
categorical__sprint_id_S447,0.0
categorical__sprint_id_S4443,0.0
categorical__sprint_id_S4444,0.0
categorical__sprint_id_S4445,0.0
categorical__sprint_id_S4446,0.0
categorical__sprint_id_S4447,0.0
categorical__sprint_id_S4449,0.0
categorical__sprint_id_S4450,0.0
categorical__sprint_id_S4452,0.0
categorical__sprint_id_S4453,0.0
categorical__sprint_id_S4454,0.0
categorical__sprint_id_S4455,0.0
categorical__sprint_id_S4456,0.0
categorical__sprint_id_S4457,0.0
categorical__sprint_id_S4458,0.0
categorical__sprint_id_S4459,0.0
categorical__sprint_id_S446,0.0
categorical__sprint_id_S4462,0.0
categorical__sprint_id_S4464,0.0
categorical__sprint_id_S4465,0.0
categorical__sprint_id_S4441,0.0
categorical__sprint_id_S4438,0.0
categorical__sprint_id_S4437,0.0
categorical__sprint_id_S4420,0.0
categorical__sprint_id_S4412,0.0
categorical__sprint_id_S4413,0.0
categorical__sprint_id_S4414,0.0
categorical__sprint_id_S4415,0.0
categorical__sprint_id_S4416,0.0
categorical__sprint_id_S4418,0.0
categorical__sprint_id_S4419,0.0
categorical__sprint_id_S442,0.0
categorical__sprint_id_S4421,0.0
categorical__sprint_id_S4435,0.0
categorical__sprint_id_S4422,0.0
categorical__sprint_id_S4423,0.0
categorical__sprint_id_S4424,0.0
categorical__sprint_id_S4426,0.0
categorical__sprint_id_S4428,0.0
categorical__sprint_id_S4429,0.0
categorical__sprint_id_S4430,0.0
categorical__sprint_id_S4431,0.0
categorical__sprint_id_S4467,0.0
categorical__sprint_id_S4472,0.0
categorical__sprint_id_S4410,0.0
categorical__sprint_id_S4473,0.0
categorical__sprint_id_S4510,0.0
categorical__sprint_id_S4514,0.0
categorical__sprint_id_S4518,0.0
categorical__sprint_id_S452,0.0
categorical__sprint_id_S4520,0.0
categorical__sprint_id_S4521,0.0
categorical__sprint_id_S4522,0.0
categorical__sprint_id_S4523,0.0
categorical__sprint_id_S4524,0.0
categorical__sprint_id_S4525,0.0
categorical__sprint_id_S4526,0.0
categorical__sprint_id_S4527,0.0
categorical__sprint_id_S4531,0.0
categorical__sprint_id_S4533,0.0
categorical__sprint_id_S4534,0.0
categorical__sprint_id_S4536,0.0
categorical__sprint_id_S4538,0.0
categorical__sprint_id_S4539,0.0
categorical__sprint_id_S4540,0.0
categorical__sprint_id_S451,0.0
categorical__sprint_id_S4508,0.0
categorical__sprint_id_S4505,0.0
categorical__sprint_id_S4491,0.0
categorical__sprint_id_S4474,0.0
categorical__sprint_id_S4475,0.0
categorical__sprint_id_S4476,0.0
categorical__sprint_id_S4478,0.0
categorical__sprint_id_S4484,0.0
categorical__sprint_id_S4487,0.0
categorical__sprint_id_S449,0.0
categorical__sprint_id_S4490,0.0
categorical__sprint_id_S4492,0.0
categorical__sprint_id_S4503,0.0
categorical__sprint_id_S4494,0.0
categorical__sprint_id_S4496,0.0
categorical__sprint_id_S4497,0.0
categorical__sprint_id_S4498,0.0
categorical__sprint_id_S45,0.0
categorical__sprint_id_S450,0.0
categorical__sprint_id_S4500,0.0
categorical__sprint_id_S4502,0.0
categorical__sprint_id_S4411,0.0
categorical__sprint_id_S441,0.0
categorical__sprint_id_S4308,0.0
categorical__sprint_id_S4355,0.0
categorical__sprint_id_S4333,0.0
categorical__sprint_id_S4334,0.0
categorical__sprint_id_S4051,0.0
categorical__sprint_id_S4338,0.0
categorical__sprint_id_S4339,0.0
categorical__sprint_id_S434,0.0
categorical__sprint_id_S4340,0.0
categorical__sprint_id_S4341,0.0
categorical__sprint_id_S4342,0.0
categorical__sprint_id_S4344,0.0
categorical__sprint_id_S4345,0.0
categorical__sprint_id_S4346,0.0
categorical__sprint_id_S4347,0.0
categorical__sprint_id_S4348,0.0
categorical__sprint_id_S4349,0.0
categorical__sprint_id_S435,0.0
categorical__sprint_id_S4351,0.0
categorical__sprint_id_S4352,0.0
categorical__sprint_id_S4353,0.0
categorical__sprint_id_S4332,0.0
categorical__sprint_id_S4331,0.0
categorical__sprint_id_S4330,0.0
categorical__sprint_id_S4318,0.0
categorical__sprint_id_S4309,0.0
categorical__sprint_id_S431,0.0
categorical__sprint_id_S4310,0.0
categorical__sprint_id_S4311,0.0
categorical__sprint_id_S4312,0.0
categorical__sprint_id_S4313,0.0
categorical__sprint_id_S4316,0.0
categorical__sprint_id_S4317,0.0
categorical__sprint_id_S432,0.0
categorical__sprint_id_S433,0.0
categorical__sprint_id_S4322,0.0
categorical__sprint_id_S4323,0.0
categorical__sprint_id_S4324,0.0
categorical__sprint_id_S4325,0.0
categorical__sprint_id_S4326,0.0
categorical__sprint_id_S4327,0.0
categorical__sprint_id_S4328,0.0
categorical__sprint_id_S4329,0.0
categorical__sprint_id_S4354,0.0
categorical__sprint_id_S4358,0.0
categorical__sprint_id_S4409,0.0
categorical__sprint_id_S4359,0.0
categorical__sprint_id_S4386,0.0
categorical__sprint_id_S4387,0.0
categorical__sprint_id_S4388,0.0
categorical__sprint_id_S4389,0.0
categorical__sprint_id_S4390,0.0
categorical__sprint_id_S4391,0.0
categorical__sprint_id_S4392,0.0
categorical__sprint_id_S4393,0.0
categorical__sprint_id_S4395,0.0
categorical__sprint_id_S4397,0.0
categorical__sprint_id_S4398,0.0
categorical__sprint_id_S4399,0.0
categorical__sprint_id_S4400,0.0
categorical__sprint_id_S4402,0.0
categorical__sprint_id_S4403,0.0
categorical__sprint_id_S4405,0.0
categorical__sprint_id_S4406,0.0
categorical__sprint_id_S4407,0.0
categorical__sprint_id_S4408,0.0
categorical__sprint_id_S4385,0.0
categorical__sprint_id_S4384,0.0
categorical__sprint_id_S4382,0.0
categorical__sprint_id_S437,0.0
categorical__sprint_id_S436,0.0
categorical__sprint_id_S4361,0.0
categorical__sprint_id_S4362,0.0
categorical__sprint_id_S4363,0.0
categorical__sprint_id_S4365,0.0
categorical__sprint_id_S4366,0.0
categorical__sprint_id_S4368,0.0
categorical__sprint_id_S4369,0.0
categorical__sprint_id_S4371,0.0
categorical__sprint_id_S4381,0.0
categorical__sprint_id_S4374,0.0
categorical__sprint_id_S4375,0.0
categorical__sprint_id_S4376,0.0
categorical__sprint_id_S4377,0.0
categorical__sprint_id_S4378,0.0
categorical__sprint_id_S4379,0.0
categorical__sprint_id_S438,0.0
categorical__sprint_id_S4380,0.0
categorical__sprint_id_S4052,0.0
categorical__sprint_id_S402,0.0
categorical__sprint_id_S4050,0.0
categorical__sprint_id_S3385,0.0
categorical__sprint_id_S3348,0.0
categorical__sprint_id_S335,0.0
categorical__sprint_id_S3350,0.0
categorical__sprint_id_S3351,0.0
categorical__sprint_id_S3353,0.0
categorical__sprint_id_S3355,0.0
categorical__sprint_id_S3357,0.0
categorical__sprint_id_S3359,0.0
categorical__sprint_id_S3360,0.0
categorical__sprint_id_S3361,0.0
categorical__sprint_id_S3362,0.0
categorical__sprint_id_S3364,0.0
categorical__sprint_id_S3365,0.0
categorical__sprint_id_S3366,0.0
categorical__sprint_id_S3367,0.0
categorical__sprint_id_S3368,0.0
categorical__sprint_id_S337,0.0
categorical__sprint_id_S3371,0.0
categorical__sprint_id_S3372,0.0
categorical__sprint_id_S3347,0.0
categorical__sprint_id_S3346,0.0
categorical__sprint_id_S3343,0.0
categorical__sprint_id_S3328,0.0
categorical__sprint_id_S3319,0.0
categorical__sprint_id_S332,0.0
categorical__sprint_id_S3320,0.0
categorical__sprint_id_S3323,0.0
categorical__sprint_id_S3324,0.0
categorical__sprint_id_S3325,0.0
categorical__sprint_id_S3326,0.0
categorical__sprint_id_S3327,0.0
categorical__sprint_id_S3329,0.0
categorical__sprint_id_S3341,0.0
categorical__sprint_id_S333,0.0
categorical__sprint_id_S3330,0.0
categorical__sprint_id_S3331,0.0
categorical__sprint_id_S3333,0.0
categorical__sprint_id_S3335,0.0
categorical__sprint_id_S3336,0.0
categorical__sprint_id_S3339,0.0
categorical__sprint_id_S334,0.0
categorical__sprint_id_S3379,0.0
categorical__sprint_id_S3389,0.0
categorical__sprint_id_S3317,0.0
categorical__sprint_id_S339,0.0
categorical__sprint_id_S3418,0.0
categorical__sprint_id_S3419,0.0
categorical__sprint_id_S342,0.0
categorical__sprint_id_S3422,0.0
categorical__sprint_id_S3423,0.0
categorical__sprint_id_S3424,0.0
categorical__sprint_id_S3425,0.0
categorical__sprint_id_S3426,0.0
categorical__sprint_id_S3427,0.0
categorical__sprint_id_S3429,0.0
categorical__sprint_id_S343,0.0
categorical__sprint_id_S3430,0.0
categorical__sprint_id_S3431,0.0
categorical__sprint_id_S3432,0.0
categorical__sprint_id_S3433,0.0
categorical__sprint_id_S3434,0.0
categorical__sprint_id_S3435,0.0
categorical__sprint_id_S3436,0.0
categorical__sprint_id_S3437,0.0
categorical__sprint_id_S3417,0.0
categorical__sprint_id_S3415,0.0
categorical__sprint_id_S3414,0.0
categorical__sprint_id_S340,0.0
categorical__sprint_id_S3391,0.0
categorical__sprint_id_S3393,0.0
categorical__sprint_id_S3394,0.0
categorical__sprint_id_S3395,0.0
categorical__sprint_id_S3396,0.0
categorical__sprint_id_S3397,0.0
categorical__sprint_id_S3398,0.0
categorical__sprint_id_S34,0.0
categorical__sprint_id_S3400,0.0
categorical__sprint_id_S3413,0.0
categorical__sprint_id_S3401,0.0
categorical__sprint_id_S3405,0.0
categorical__sprint_id_S3406,0.0
categorical__sprint_id_S3408,0.0
categorical__sprint_id_S3409,0.0
categorical__sprint_id_S341,0.0
categorical__sprint_id_S3410,0.0
categorical__sprint_id_S3411,0.0
categorical__sprint_id_S3318,0.0
categorical__sprint_id_S3316,0.0
categorical__sprint_id_S344,0.0
categorical__sprint_id_S3269,0.0
categorical__sprint_id_S3242,0.0
categorical__sprint_id_S3243,0.0
categorical__sprint_id_S3245,0.0
categorical__sprint_id_S3246,0.0
categorical__sprint_id_S3247,0.0
categorical__sprint_id_S3248,0.0
categorical__sprint_id_S325,0.0
categorical__sprint_id_S3250,0.0
categorical__sprint_id_S3251,0.0
categorical__sprint_id_S3252,0.0
categorical__sprint_id_S3253,0.0
categorical__sprint_id_S3258,0.0
categorical__sprint_id_S326,0.0
categorical__sprint_id_S3261,0.0
categorical__sprint_id_S3262,0.0
categorical__sprint_id_S3263,0.0
categorical__sprint_id_S3265,0.0
categorical__sprint_id_S3266,0.0
categorical__sprint_id_S3267,0.0
categorical__sprint_id_S3241,0.0
categorical__sprint_id_S324,0.0
categorical__sprint_id_S3237,0.0
categorical__sprint_id_S3223,0.0
categorical__sprint_id_S3216,0.0
categorical__sprint_id_S3217,0.0
categorical__sprint_id_S3218,0.0
categorical__sprint_id_S3219,0.0
categorical__sprint_id_S322,0.0
categorical__sprint_id_S3220,0.0
categorical__sprint_id_S3221,0.0
categorical__sprint_id_S3222,0.0
categorical__sprint_id_S3226,0.0
categorical__sprint_id_S3236,0.0
categorical__sprint_id_S3227,0.0
categorical__sprint_id_S3228,0.0
categorical__sprint_id_S3229,0.0
categorical__sprint_id_S323,0.0
categorical__sprint_id_S3232,0.0
categorical__sprint_id_S3233,0.0
categorical__sprint_id_S3234,0.0
categorical__sprint_id_S3235,0.0
categorical__sprint_id_S3268,0.0
categorical__sprint_id_S327,0.0
categorical__sprint_id_S3315,0.0
categorical__sprint_id_S3270,0.0
categorical__sprint_id_S3296,0.0
categorical__sprint_id_S3297,0.0
categorical__sprint_id_S3298,0.0
categorical__sprint_id_S3299,0.0
categorical__sprint_id_S330,0.0
categorical__sprint_id_S3300,0.0
categorical__sprint_id_S3301,0.0
categorical__sprint_id_S3302,0.0
categorical__sprint_id_S3304,0.0
categorical__sprint_id_S3305,0.0
categorical__sprint_id_S3306,0.0
categorical__sprint_id_S3307,0.0
categorical__sprint_id_S3308,0.0
categorical__sprint_id_S3309,0.0
categorical__sprint_id_S331,0.0
categorical__sprint_id_S3310,0.0
categorical__sprint_id_S3311,0.0
categorical__sprint_id_S3312,0.0
categorical__sprint_id_S3314,0.0
categorical__sprint_id_S3295,0.0
categorical__sprint_id_S3294,0.0
categorical__sprint_id_S3293,0.0
categorical__sprint_id_S328,0.0
categorical__sprint_id_S3271,0.0
categorical__sprint_id_S3272,0.0
categorical__sprint_id_S3273,0.0
categorical__sprint_id_S3275,0.0
categorical__sprint_id_S3276,0.0
categorical__sprint_id_S3277,0.0
categorical__sprint_id_S3278,0.0
categorical__sprint_id_S3279,0.0
categorical__sprint_id_S3282,0.0
categorical__sprint_id_S3292,0.0
categorical__sprint_id_S3284,0.0
categorical__sprint_id_S3286,0.0
categorical__sprint_id_S3287,0.0
categorical__sprint_id_S3288,0.0
categorical__sprint_id_S3289,0.0
categorical__sprint_id_S329,0.0
categorical__sprint_id_S3290,0.0
categorical__sprint_id_S3291,0.0
categorical__sprint_id_S3438,0.0
categorical__sprint_id_S3440,0.0
categorical__sprint_id_S405,0.0
categorical__sprint_id_S399,0.0
categorical__sprint_id_S3961,0.0
categorical__sprint_id_S3964,0.0
categorical__sprint_id_S3965,0.0
categorical__sprint_id_S3968,0.0
categorical__sprint_id_S397,0.0
categorical__sprint_id_S3970,0.0
categorical__sprint_id_S3971,0.0
categorical__sprint_id_S3972,0.0
categorical__sprint_id_S3975,0.0
categorical__sprint_id_S3976,0.0
categorical__sprint_id_S3979,0.0
categorical__sprint_id_S398,0.0
categorical__sprint_id_S3980,0.0
categorical__sprint_id_S3981,0.0
categorical__sprint_id_S3982,0.0
categorical__sprint_id_S3983,0.0
categorical__sprint_id_S3985,0.0
categorical__sprint_id_S3987,0.0
categorical__sprint_id_S3988,0.0
categorical__sprint_id_S3960,0.0
categorical__sprint_id_S396,0.0
categorical__sprint_id_S3959,0.0
categorical__sprint_id_S3945,0.0
categorical__sprint_id_S3937,0.0
categorical__sprint_id_S3938,0.0
categorical__sprint_id_S3939,0.0
categorical__sprint_id_S394,0.0
categorical__sprint_id_S3940,0.0
categorical__sprint_id_S3941,0.0
categorical__sprint_id_S3942,0.0
categorical__sprint_id_S3944,0.0
categorical__sprint_id_S3947,0.0
categorical__sprint_id_S3958,0.0
categorical__sprint_id_S3948,0.0
categorical__sprint_id_S3949,0.0
categorical__sprint_id_S3951,0.0
categorical__sprint_id_S3952,0.0
categorical__sprint_id_S3953,0.0
categorical__sprint_id_S3954,0.0
categorical__sprint_id_S3955,0.0
categorical__sprint_id_S3957,0.0
categorical__sprint_id_S3989,0.0
categorical__sprint_id_S3991,0.0
categorical__sprint_id_S3934,0.0
categorical__sprint_id_S3992,0.0
categorical__sprint_id_S4029,0.0
categorical__sprint_id_S403,0.0
categorical__sprint_id_S4030,0.0
categorical__sprint_id_S4032,0.0
categorical__sprint_id_S4033,0.0
categorical__sprint_id_S4034,0.0
categorical__sprint_id_S4035,0.0
categorical__sprint_id_S4036,0.0
categorical__sprint_id_S4038,0.0
categorical__sprint_id_S4039,0.0
categorical__sprint_id_S404,0.0
categorical__sprint_id_S4040,0.0
categorical__sprint_id_S4041,0.0
categorical__sprint_id_S4043,0.0
categorical__sprint_id_S4044,0.0
categorical__sprint_id_S4045,0.0
categorical__sprint_id_S4046,0.0
categorical__sprint_id_S4047,0.0
categorical__sprint_id_S4049,0.0
categorical__sprint_id_S4026,0.0
categorical__sprint_id_S4024,0.0
categorical__sprint_id_S4023,0.0
categorical__sprint_id_S4006,0.0
categorical__sprint_id_S3993,0.0
categorical__sprint_id_S3994,0.0
categorical__sprint_id_S3995,0.0
categorical__sprint_id_S3999,0.0
categorical__sprint_id_S4,0.0
categorical__sprint_id_S400,0.0
categorical__sprint_id_S4001,0.0
categorical__sprint_id_S4002,0.0
categorical__sprint_id_S401,0.0
categorical__sprint_id_S4022,0.0
categorical__sprint_id_S4011,0.0
categorical__sprint_id_S4012,0.0
categorical__sprint_id_S4013,0.0
categorical__sprint_id_S4015,0.0
categorical__sprint_id_S4016,0.0
categorical__sprint_id_S4017,0.0
categorical__sprint_id_S4542,0.0
categorical__sprint_id_S4020,0.0
categorical__sprint_id_S3935,0.0
categorical__sprint_id_S3933,0.0
categorical__sprint_id_S3442,0.0
categorical__sprint_id_S355,0.0
categorical__sprint_id_S347,0.0
categorical__sprint_id_S3470,0.0
categorical__sprint_id_S3472,0.0
categorical__sprint_id_S3474,0.0
categorical__sprint_id_S3475,0.0
categorical__sprint_id_S3476,0.0
categorical__sprint_id_S3477,0.0
categorical__sprint_id_S3478,0.0
categorical__sprint_id_S3479,0.0
categorical__sprint_id_S348,0.0
categorical__sprint_id_S3481,0.0
categorical__sprint_id_S3483,0.0
categorical__sprint_id_S3485,0.0
categorical__sprint_id_S349,0.0
categorical__sprint_id_S35,0.0
categorical__sprint_id_S350,0.0
categorical__sprint_id_S351,0.0
categorical__sprint_id_S352,0.0
categorical__sprint_id_S353,0.0
categorical__sprint_id_S3469,0.0
categorical__sprint_id_S3468,0.0
categorical__sprint_id_S3467,0.0
categorical__sprint_id_S3456,0.0
categorical__sprint_id_S3444,0.0
categorical__sprint_id_S3445,0.0
categorical__sprint_id_S3446,0.0
categorical__sprint_id_S3447,0.0
categorical__sprint_id_S3450,0.0
categorical__sprint_id_S3452,0.0
categorical__sprint_id_S3453,0.0
categorical__sprint_id_S3454,0.0
categorical__sprint_id_S3457,0.0
categorical__sprint_id_S3466,0.0
categorical__sprint_id_S3458,0.0
categorical__sprint_id_S3459,0.0
categorical__sprint_id_S346,0.0
categorical__sprint_id_S3460,0.0
categorical__sprint_id_S3461,0.0
categorical__sprint_id_S3462,0.0
categorical__sprint_id_S3464,0.0
categorical__sprint_id_S3465,0.0
categorical__sprint_id_S354,0.0
categorical__sprint_id_S356,0.0
categorical__sprint_id_S3932,0.0
categorical__sprint_id_S357,0.0
categorical__sprint_id_S382,0.0
categorical__sprint_id_S383,0.0
categorical__sprint_id_S384,0.0
categorical__sprint_id_S386,0.0
categorical__sprint_id_S387,0.0
categorical__sprint_id_S388,0.0
categorical__sprint_id_S389,0.0
categorical__sprint_id_S39,0.0
categorical__sprint_id_S390,0.0
categorical__sprint_id_S392,0.0
categorical__sprint_id_S3921,0.0
categorical__sprint_id_S3923,0.0
categorical__sprint_id_S3925,0.0
categorical__sprint_id_S3926,0.0
categorical__sprint_id_S3927,0.0
categorical__sprint_id_S3928,0.0
categorical__sprint_id_S3929,0.0
categorical__sprint_id_S393,0.0
categorical__sprint_id_S3931,0.0
categorical__sprint_id_S381,0.0
categorical__sprint_id_S380,0.0
categorical__sprint_id_S379,0.0
categorical__sprint_id_S366,0.0
categorical__sprint_id_S358,0.0
categorical__sprint_id_S359,0.0
categorical__sprint_id_S36,0.0
categorical__sprint_id_S360,0.0
categorical__sprint_id_S361,0.0
categorical__sprint_id_S362,0.0
categorical__sprint_id_S363,0.0
categorical__sprint_id_S365,0.0
categorical__sprint_id_S367,0.0
categorical__sprint_id_S378,0.0
categorical__sprint_id_S368,0.0
categorical__sprint_id_S369,0.0
categorical__sprint_id_S37,0.0
categorical__sprint_id_S370,0.0
categorical__sprint_id_S371,0.0
categorical__sprint_id_S374,0.0
categorical__sprint_id_S376,0.0
categorical__sprint_id_S377,0.0
categorical__sprint_id_S4541,0.0
categorical__sprint_id_S4577,0.0
categorical__sprint_id_S4543,0.0
categorical__sprint_id_S621,0.0
categorical__sprint_id_S624,0.0
categorical__sprint_id_S626,0.0
categorical__sprint_id_S628,0.0
categorical__sprint_id_S629,0.0
categorical__sprint_id_S63,0.0
categorical__sprint_id_S630,0.0
categorical__sprint_id_S632,0.0
categorical__sprint_id_S635,0.0
categorical__sprint_id_S636,0.0
categorical__sprint_id_S638,0.0
categorical__sprint_id_S639,0.0
categorical__sprint_id_S64,0.0
categorical__sprint_id_S640,0.0
categorical__sprint_id_S641,0.0
categorical__sprint_id_S642,0.0
categorical__sprint_id_S646,0.0
categorical__sprint_id_S648,0.0
categorical__sprint_id_S652,0.0
categorical__sprint_id_S656,0.0
categorical__sprint_id_S622,0.0
categorical__sprint_id_S62,0.0
categorical__sprint_id_S4978,0.0
categorical__sprint_id_S617,0.0
categorical__sprint_id_S587,0.0
categorical__sprint_id_S588,0.0
categorical__sprint_id_S59,0.0
categorical__sprint_id_S590,0.0
categorical__sprint_id_S591,0.0
categorical__sprint_id_S593,0.0
categorical__sprint_id_S597,0.0
categorical__sprint_id_S598,0.0
categorical__sprint_id_S599,0.0
categorical__sprint_id_S60,0.0
categorical__sprint_id_S603,0.0
categorical__sprint_id_S604,0.0
categorical__sprint_id_S605,0.0
categorical__sprint_id_S606,0.0
categorical__sprint_id_S608,0.0
categorical__sprint_id_S61,0.0
categorical__sprint_id_S610,0.0
categorical__sprint_id_S613,0.0
categorical__sprint_id_S615,0.0
categorical__sprint_id_S657,0.0
categorical__sprint_id_S658,0.0
categorical__sprint_id_S659,0.0
categorical__sprint_id_S66,0.0
categorical__sprint_id_S7,0.0
categorical__sprint_id_S704,0.0
categorical__sprint_id_S705,0.0
categorical__sprint_id_S71,0.0
categorical__sprint_id_S720,0.0
categorical__sprint_id_S724,0.0
categorical__sprint_id_S727,0.0
categorical__sprint_id_S732,0.0
categorical__sprint_id_S736,0.0
categorical__sprint_id_S737,0.0
categorical__sprint_id_S738,0.0
categorical__sprint_id_S739,0.0
categorical__sprint_id_S74,0.0
categorical__sprint_id_S741,0.0
categorical__sprint_id_S744,0.0
categorical__sprint_id_S745,0.0
categorical__sprint_id_S746,0.0
categorical__sprint_id_S747,0.0
categorical__sprint_id_S748,0.0
categorical__sprint_id_S698,0.0
categorical__sprint_id_S693,0.0
categorical__sprint_id_S69,0.0
categorical__sprint_id_S673,0.0
categorical__sprint_id_S663,0.0
categorical__sprint_id_S664,0.0
categorical__sprint_id_S668,0.0
categorical__sprint_id_S669,0.0
categorical__sprint_id_S67,0.0
categorical__sprint_id_S670,0.0
categorical__sprint_id_S671,0.0
categorical__sprint_id_S672,0.0
categorical__sprint_id_S674,0.0
categorical__sprint_id_S685,0.0
categorical__sprint_id_S675,0.0
categorical__sprint_id_S676,0.0
categorical__sprint_id_S677,0.0
categorical__sprint_id_S679,0.0
categorical__sprint_id_S68,0.0
categorical__sprint_id_S680,0.0
categorical__sprint_id_S681,0.0
categorical__sprint_id_S682,0.0
categorical__sprint_id_S582,0.0
categorical__sprint_id_S571,0.0
categorical__sprint_id_S569,0.0
categorical__sprint_id_S514,0.0
categorical__sprint_id_S5015,0.0
categorical__sprint_id_S5016,0.0
categorical__sprint_id_S5017,0.0
categorical__sprint_id_S5018,0.0
categorical__sprint_id_S5019,0.0
categorical__sprint_id_S502,0.0
categorical__sprint_id_S5020,0.0
categorical__sprint_id_S5021,0.0
categorical__sprint_id_S5023,0.0
categorical__sprint_id_S5024,0.0
categorical__sprint_id_S5027,0.0
categorical__sprint_id_S503,0.0
categorical__sprint_id_S504,0.0
categorical__sprint_id_S506,0.0
categorical__sprint_id_S507,0.0
categorical__sprint_id_S508,0.0
categorical__sprint_id_S509,0.0
categorical__sprint_id_S510,0.0
categorical__sprint_id_S511,0.0
categorical__sprint_id_S5014,0.0
categorical__sprint_id_S5012,0.0
categorical__sprint_id_S5011,0.0
categorical__sprint_id_S5,0.0
categorical__sprint_id_S4980,0.0
categorical__sprint_id_S499,0.0
categorical__sprint_id_S4990,0.0
categorical__sprint_id_S4994,0.0
categorical__sprint_id_S4995,0.0
categorical__sprint_id_S4996,0.0
categorical__sprint_id_S4998,0.0
categorical__sprint_id_S4999,0.0
categorical__sprint_id_S50,0.0
categorical__sprint_id_S5010,0.0
categorical__sprint_id_S500,0.0
categorical__sprint_id_S5000,0.0
categorical__sprint_id_S5001,0.0
categorical__sprint_id_S5003,0.0
categorical__sprint_id_S5005,0.0
categorical__sprint_id_S5006,0.0
categorical__sprint_id_S5007,0.0
categorical__sprint_id_S501,0.0
categorical__sprint_id_S512,0.0
categorical__sprint_id_S515,0.0
categorical__sprint_id_S568,0.0
categorical__sprint_id_S516,0.0
categorical__sprint_id_S544,0.0
categorical__sprint_id_S545,0.0
categorical__sprint_id_S546,0.0
categorical__sprint_id_S547,0.0
categorical__sprint_id_S549,0.0
categorical__sprint_id_S55,0.0
categorical__sprint_id_S550,0.0
categorical__sprint_id_S551,0.0
categorical__sprint_id_S553,0.0
categorical__sprint_id_S554,0.0
categorical__sprint_id_S555,0.0
categorical__sprint_id_S556,0.0
categorical__sprint_id_S559,0.0
categorical__sprint_id_S56,0.0
categorical__sprint_id_S561,0.0
categorical__sprint_id_S562,0.0
categorical__sprint_id_S563,0.0
categorical__sprint_id_S564,0.0
categorical__sprint_id_S565,0.0
categorical__sprint_id_S543,0.0
categorical__sprint_id_S541,0.0
categorical__sprint_id_S540,0.0
categorical__sprint_id_S524,0.0
categorical__sprint_id_S517,0.0
categorical__sprint_id_S518,0.0
categorical__sprint_id_S519,0.0
categorical__sprint_id_S52,0.0
categorical__sprint_id_S520,0.0
categorical__sprint_id_S521,0.0
categorical__sprint_id_S522,0.0
categorical__sprint_id_S523,0.0
categorical__sprint_id_S525,0.0
categorical__sprint_id_S54,0.0
categorical__sprint_id_S526,0.0
categorical__sprint_id_S527,0.0
categorical__sprint_id_S529,0.0
categorical__sprint_id_S530,0.0
categorical__sprint_id_S531,0.0
categorical__sprint_id_S535,0.0
categorical__sprint_id_S537,0.0
categorical__sprint_id_S539,0.0
categorical__sprint_id_S749,0.0
categorical__sprint_id_S75,0.0
categorical__sprint_id_S752,0.0
categorical__sprint_id_S939,0.0
categorical__sprint_id_S917,0.0
categorical__sprint_id_S918,0.0
categorical__sprint_id_S919,0.0
categorical__sprint_id_S92,0.0
categorical__sprint_id_S920,0.0
categorical__sprint_id_S923,0.0
categorical__sprint_id_S924,0.0
categorical__sprint_id_S925,0.0
categorical__sprint_id_S926,0.0
categorical__sprint_id_S927,0.0
categorical__sprint_id_S929,0.0
categorical__sprint_id_S93,0.0
categorical__sprint_id_S930,0.0
categorical__sprint_id_S931,0.0
categorical__sprint_id_S932,0.0
categorical__sprint_id_S934,0.0
categorical__sprint_id_S935,0.0
categorical__sprint_id_S936,0.0
categorical__sprint_id_S937,0.0
categorical__sprint_id_S916,0.0
categorical__sprint_id_S915,0.0
categorical__sprint_id_S914,0.0
categorical__sprint_id_S902,0.0
categorical__sprint_id_S884,0.0
categorical__sprint_id_S89,0.0
categorical__sprint_id_S893,0.0
categorical__sprint_id_S894,0.0
categorical__sprint_id_S896,0.0
categorical__sprint_id_S898,0.0
categorical__sprint_id_S9,0.0
categorical__sprint_id_S90,0.0
categorical__sprint_id_S904,0.0
categorical__sprint_id_S913,0.0
categorical__sprint_id_S905,0.0
categorical__sprint_id_S906,0.0
categorical__sprint_id_S907,0.0
categorical__sprint_id_S908,0.0
categorical__sprint_id_S909,0.0
categorical__sprint_id_S91,0.0
categorical__sprint_id_S910,0.0
categorical__sprint_id_S912,0.0
categorical__sprint_id_S938,0.0
categorical__sprint_id_S94,0.0
categorical__sprint_id_S88,0.0
categorical__sprint_id_S940,0.0
categorical__sprint_id_S972,0.0
categorical__sprint_id_S974,0.0
categorical__sprint_id_S976,0.0
categorical__sprint_id_S978,0.0
categorical__sprint_id_S979,0.0
categorical__sprint_id_S981,0.0
categorical__sprint_id_S982,0.0
categorical__sprint_id_S983,0.0
categorical__sprint_id_S984,0.0
categorical__sprint_id_S985,0.0
categorical__sprint_id_S986,0.0
categorical__sprint_id_S99,0.0
categorical__sprint_id_S990,0.0
categorical__sprint_id_S992,0.0
categorical__sprint_id_S993,0.0
categorical__sprint_id_S994,0.0
categorical__sprint_id_S995,0.0
categorical__sprint_id_S996,0.0
categorical__sprint_id_S998,0.0
categorical__sprint_id_S970,0.0
categorical__sprint_id_S97,0.0
categorical__sprint_id_S969,0.0
categorical__sprint_id_S951,0.0
categorical__sprint_id_S941,0.0
categorical__sprint_id_S943,0.0
categorical__sprint_id_S944,0.0
categorical__sprint_id_S946,0.0
categorical__sprint_id_S947,0.0
categorical__sprint_id_S948,0.0
categorical__sprint_id_S949,0.0
categorical__sprint_id_S950,0.0
categorical__sprint_id_S952,0.0
categorical__sprint_id_S968,0.0
categorical__sprint_id_S953,0.0
categorical__sprint_id_S954,0.0
categorical__sprint_id_S958,0.0
categorical__sprint_id_S96,0.0
categorical__sprint_id_S962,0.0
categorical__sprint_id_S964,0.0
categorical__sprint_id_S965,0.0
categorical__sprint_id_S966,0.0
categorical__sprint_id_S881,0.0
categorical__sprint_id_S876,0.0
categorical__sprint_id_S753,0.0
categorical__sprint_id_S802,0.0
categorical__sprint_id_S780,0.0
categorical__sprint_id_S782,0.0
categorical__sprint_id_S783,0.0
categorical__sprint_id_S785,0.0
categorical__sprint_id_S786,0.0
categorical__sprint_id_S787,0.0
categorical__sprint_id_S788,0.0
categorical__sprint_id_S789,0.0
categorical__sprint_id_S79,0.0
categorical__sprint_id_S790,0.0
categorical__sprint_id_S791,0.0
categorical__sprint_id_S792,0.0
categorical__sprint_id_S793,0.0
categorical__sprint_id_S794,0.0
categorical__sprint_id_S797,0.0
categorical__sprint_id_S798,0.0
categorical__sprint_id_S8,0.0
categorical__sprint_id_S80,0.0
categorical__sprint_id_S800,0.0
categorical__sprint_id_S78,0.0
categorical__sprint_id_S779,0.0
categorical__sprint_id_S778,0.0
categorical__sprint_id_S765,0.0
categorical__sprint_id_S756,0.0
categorical__sprint_id_S758,0.0
categorical__sprint_id_S759,0.0
categorical__sprint_id_S76,0.0
categorical__sprint_id_S760,0.0
categorical__sprint_id_S761,0.0
categorical__sprint_id_S762,0.0
categorical__sprint_id_S764,0.0
categorical__sprint_id_S766,0.0
categorical__sprint_id_S777,0.0
categorical__sprint_id_S767,0.0
categorical__sprint_id_S769,0.0
categorical__sprint_id_S77,0.0
categorical__sprint_id_S770,0.0
categorical__sprint_id_S771,0.0
categorical__sprint_id_S773,0.0
categorical__sprint_id_S774,0.0
categorical__sprint_id_S776,0.0
categorical__sprint_id_S801,0.0
categorical__sprint_id_S803,0.0
categorical__sprint_id_S873,0.0
categorical__sprint_id_S805,0.0
categorical__sprint_id_S84,0.0
categorical__sprint_id_S842,0.0
categorical__sprint_id_S845,0.0
categorical__sprint_id_S846,0.0
categorical__sprint_id_S847,0.0
categorical__sprint_id_S848,0.0
categorical__sprint_id_S849,0.0
categorical__sprint_id_S851,0.0
categorical__sprint_id_S852,0.0
categorical__sprint_id_S855,0.0
categorical__sprint_id_S857,0.0
categorical__sprint_id_S86,0.0
categorical__sprint_id_S861,0.0
categorical__sprint_id_S863,0.0
categorical__sprint_id_S864,0.0
categorical__sprint_id_S865,0.0
categorical__sprint_id_S866,0.0
categorical__sprint_id_S870,0.0
categorical__sprint_id_S871,0.0
categorical__sprint_id_S839,0.0
categorical__sprint_id_S838,0.0
categorical__sprint_id_S835,0.0
categorical__sprint_id_S820,0.0
categorical__sprint_id_S81,0.0
categorical__sprint_id_S810,0.0
categorical__sprint_id_S812,0.0
categorical__sprint_id_S813,0.0
categorical__sprint_id_S814,0.0
categorical__sprint_id_S815,0.0
categorical__sprint_id_S816,0.0
categorical__sprint_id_S82,0.0
categorical__sprint_id_S822,0.0
categorical__sprint_id_S834,0.0
categorical__sprint_id_S824,0.0
categorical__sprint_id_S825,0.0
categorical__sprint_id_S826,0.0
categorical__sprint_id_S829,0.0
categorical__sprint_id_S83,0.0
categorical__sprint_id_S831,0.0
categorical__sprint_id_S832,0.0
categorical__sprint_id_S833,0.0
categorical__sprint_id_S4979,0.0
categorical__sprint_id_S4977,0.0
categorical__sprint_id_S4545,0.0
categorical__sprint_id_S4683,0.0
categorical__sprint_id_S4686,0.0
categorical__sprint_id_S4687,0.0
categorical__sprint_id_S4689,0.0
categorical__sprint_id_S469,0.0
categorical__sprint_id_S4690,0.0
categorical__sprint_id_S4691,0.0
categorical__sprint_id_S4693,0.0
categorical__sprint_id_S4694,0.0
categorical__sprint_id_S4696,0.0
categorical__sprint_id_S4697,0.0
categorical__sprint_id_S4698,0.0
categorical__sprint_id_S4699,0.0
categorical__sprint_id_S47,0.0
categorical__sprint_id_S470,0.0
categorical__sprint_id_S4701,0.0
categorical__sprint_id_S4702,0.0
categorical__sprint_id_S4703,0.0
categorical__sprint_id_S4704,0.0
categorical__sprint_id_S4705,0.0
categorical__sprint_id_S4684,0.0
categorical__sprint_id_S4682,0.0
categorical__sprint_id_S4975,0.0
categorical__sprint_id_S4681,0.0
categorical__sprint_id_S4661,0.0
categorical__sprint_id_S4662,0.0
categorical__sprint_id_S4663,0.0
categorical__sprint_id_S4664,0.0
categorical__sprint_id_S4665,0.0
categorical__sprint_id_S4666,0.0
categorical__sprint_id_S4667,0.0
categorical__sprint_id_S4668,0.0
categorical__sprint_id_S467,0.0
categorical__sprint_id_S4670,0.0
categorical__sprint_id_S4671,0.0
categorical__sprint_id_S4673,0.0
categorical__sprint_id_S4674,0.0
categorical__sprint_id_S4675,0.0
categorical__sprint_id_S4676,0.0
categorical__sprint_id_S4677,0.0
categorical__sprint_id_S4679,0.0
categorical__sprint_id_S468,0.0
categorical__sprint_id_S4680,0.0
categorical__sprint_id_S4707,0.0
categorical__sprint_id_S4708,0.0
categorical__sprint_id_S4709,0.0
categorical__sprint_id_S4711,0.0
categorical__sprint_id_S4737,0.0
categorical__sprint_id_S4739,0.0
categorical__sprint_id_S474,0.0
categorical__sprint_id_S4740,0.0
categorical__sprint_id_S4742,0.0
categorical__sprint_id_S4744,0.0
categorical__sprint_id_S4745,0.0
categorical__sprint_id_S4746,0.0
categorical__sprint_id_S4747,0.0
categorical__sprint_id_S4749,0.0
categorical__sprint_id_S475,0.0
categorical__sprint_id_S4750,0.0
categorical__sprint_id_S4752,0.0
categorical__sprint_id_S4753,0.0
categorical__sprint_id_S4754,0.0
categorical__sprint_id_S4755,0.0
categorical__sprint_id_S4757,0.0
categorical__sprint_id_S4758,0.0
categorical__sprint_id_S4759,0.0
categorical__sprint_id_S4736,0.0
categorical__sprint_id_S4734,0.0
categorical__sprint_id_S4733,0.0
categorical__sprint_id_S4721,0.0
categorical__sprint_id_S4712,0.0
categorical__sprint_id_S4713,0.0
categorical__sprint_id_S4714,0.0
categorical__sprint_id_S4715,0.0
categorical__sprint_id_S4716,0.0
categorical__sprint_id_S4718,0.0
categorical__sprint_id_S4719,0.0
categorical__sprint_id_S4720,0.0
categorical__sprint_id_S4723,0.0
categorical__sprint_id_S4732,0.0
categorical__sprint_id_S4724,0.0
categorical__sprint_id_S4725,0.0
categorical__sprint_id_S4726,0.0
categorical__sprint_id_S4727,0.0
categorical__sprint_id_S4728,0.0
categorical__sprint_id_S473,0.0
categorical__sprint_id_S4730,0.0
categorical__sprint_id_S4731,0.0
categorical__sprint_id_S4660,0.0
categorical__sprint_id_S466,0.0
categorical__sprint_id_S4659,0.0
categorical__sprint_id_S4603,0.0
categorical__sprint_id_S4575,0.0
categorical__sprint_id_S4576,0.0
categorical__sprint_id_S3214,0.0
categorical__sprint_id_S4578,0.0
categorical__sprint_id_S4579,0.0
categorical__sprint_id_S458,0.0
categorical__sprint_id_S4580,0.0
categorical__sprint_id_S4581,0.0
categorical__sprint_id_S4582,0.0
categorical__sprint_id_S4586,0.0
categorical__sprint_id_S4587,0.0
categorical__sprint_id_S459,0.0
categorical__sprint_id_S4590,0.0
categorical__sprint_id_S4591,0.0
categorical__sprint_id_S4592,0.0
categorical__sprint_id_S4593,0.0
categorical__sprint_id_S4599,0.0
categorical__sprint_id_S460,0.0
categorical__sprint_id_S4601,0.0
categorical__sprint_id_S4573,0.0
categorical__sprint_id_S4572,0.0
categorical__sprint_id_S4571,0.0
categorical__sprint_id_S4555,0.0
categorical__sprint_id_S4546,0.0
categorical__sprint_id_S4547,0.0
categorical__sprint_id_S4549,0.0
categorical__sprint_id_S455,0.0
categorical__sprint_id_S4550,0.0
categorical__sprint_id_S4552,0.0
categorical__sprint_id_S4553,0.0
categorical__sprint_id_S4554,0.0
categorical__sprint_id_S4556,0.0
categorical__sprint_id_S4570,0.0
categorical__sprint_id_S4557,0.0
categorical__sprint_id_S4558,0.0
categorical__sprint_id_S456,0.0
categorical__sprint_id_S4561,0.0
categorical__sprint_id_S4563,0.0
categorical__sprint_id_S4566,0.0
categorical__sprint_id_S4567,0.0
categorical__sprint_id_S457,0.0
categorical__sprint_id_S4602,0.0
categorical__sprint_id_S4605,0.0
categorical__sprint_id_S4658,0.0
categorical__sprint_id_S4606,0.0
categorical__sprint_id_S4635,0.0
categorical__sprint_id_S4637,0.0
categorical__sprint_id_S4638,0.0
categorical__sprint_id_S464,0.0
categorical__sprint_id_S4640,0.0
categorical__sprint_id_S4641,0.0
categorical__sprint_id_S4642,0.0
categorical__sprint_id_S4643,0.0
categorical__sprint_id_S4644,0.0
categorical__sprint_id_S4646,0.0
categorical__sprint_id_S4647,0.0
categorical__sprint_id_S4649,0.0
categorical__sprint_id_S4650,0.0
categorical__sprint_id_S4651,0.0
categorical__sprint_id_S4652,0.0
categorical__sprint_id_S4653,0.0
categorical__sprint_id_S4655,0.0
categorical__sprint_id_S4656,0.0
categorical__sprint_id_S4657,0.0
categorical__sprint_id_S4634,0.0
categorical__sprint_id_S4633,0.0
categorical__sprint_id_S4632,0.0
categorical__sprint_id_S4618,0.0
categorical__sprint_id_S4608,0.0
categorical__sprint_id_S461,0.0
categorical__sprint_id_S4611,0.0
categorical__sprint_id_S4613,0.0
categorical__sprint_id_S4614,0.0
categorical__sprint_id_S4615,0.0
categorical__sprint_id_S4616,0.0
categorical__sprint_id_S4617,0.0
categorical__sprint_id_S4619,0.0
categorical__sprint_id_S4631,0.0
categorical__sprint_id_S462,0.0
categorical__sprint_id_S4620,0.0
categorical__sprint_id_S4621,0.0
categorical__sprint_id_S4623,0.0
categorical__sprint_id_S4625,0.0
categorical__sprint_id_S4626,0.0
categorical__sprint_id_S4628,0.0
categorical__sprint_id_S4630,0.0
categorical__sprint_id_S476,0.0
categorical__sprint_id_S4760,0.0
categorical__sprint_id_S4761,0.0
categorical__sprint_id_S4917,0.0
categorical__sprint_id_S4894,0.0
categorical__sprint_id_S4895,0.0
categorical__sprint_id_S4897,0.0
categorical__sprint_id_S4898,0.0
categorical__sprint_id_S4899,0.0
categorical__sprint_id_S49,0.0
categorical__sprint_id_S490,0.0
categorical__sprint_id_S4900,0.0
categorical__sprint_id_S4901,0.0
categorical__sprint_id_S4902,0.0
categorical__sprint_id_S4903,0.0
categorical__sprint_id_S4904,0.0
categorical__sprint_id_S4905,0.0
categorical__sprint_id_S4906,0.0
categorical__sprint_id_S4908,0.0
categorical__sprint_id_S4909,0.0
categorical__sprint_id_S491,0.0
categorical__sprint_id_S4910,0.0
categorical__sprint_id_S4915,0.0
categorical__sprint_id_S4890,0.0
categorical__sprint_id_S489,0.0
categorical__sprint_id_S4889,0.0
categorical__sprint_id_S4876,0.0
categorical__sprint_id_S4865,0.0
categorical__sprint_id_S4868,0.0
categorical__sprint_id_S4869,0.0
categorical__sprint_id_S4870,0.0
categorical__sprint_id_S4872,0.0
categorical__sprint_id_S4873,0.0
categorical__sprint_id_S4874,0.0
categorical__sprint_id_S4875,0.0
categorical__sprint_id_S4877,0.0
categorical__sprint_id_S4888,0.0
categorical__sprint_id_S4878,0.0
categorical__sprint_id_S488,0.0
categorical__sprint_id_S4880,0.0
categorical__sprint_id_S4881,0.0
categorical__sprint_id_S4882,0.0
categorical__sprint_id_S4885,0.0
categorical__sprint_id_S4886,0.0
categorical__sprint_id_S4887,0.0
categorical__sprint_id_S4916,0.0
categorical__sprint_id_S4918,0.0
categorical__sprint_id_S4863,0.0
categorical__sprint_id_S4919,0.0
categorical__sprint_id_S495,0.0
categorical__sprint_id_S4950,0.0
categorical__sprint_id_S4952,0.0
categorical__sprint_id_S4953,0.0
categorical__sprint_id_S4954,0.0
categorical__sprint_id_S4956,0.0
categorical__sprint_id_S4957,0.0
categorical__sprint_id_S4958,0.0
categorical__sprint_id_S4959,0.0
categorical__sprint_id_S496,0.0
categorical__sprint_id_S4965,0.0
categorical__sprint_id_S4966,0.0
categorical__sprint_id_S4968,0.0
categorical__sprint_id_S4969,0.0
categorical__sprint_id_S497,0.0
categorical__sprint_id_S4970,0.0
categorical__sprint_id_S4971,0.0
categorical__sprint_id_S4972,0.0
categorical__sprint_id_S4973,0.0
categorical__sprint_id_S4949,0.0
categorical__sprint_id_S4947,0.0
categorical__sprint_id_S4946,0.0
categorical__sprint_id_S4932,0.0
categorical__sprint_id_S492,0.0
categorical__sprint_id_S4921,0.0
categorical__sprint_id_S4923,0.0
categorical__sprint_id_S4925,0.0
categorical__sprint_id_S4928,0.0
categorical__sprint_id_S493,0.0
categorical__sprint_id_S4930,0.0
categorical__sprint_id_S4931,0.0
categorical__sprint_id_S4936,0.0
categorical__sprint_id_S4945,0.0
categorical__sprint_id_S4937,0.0
categorical__sprint_id_S4938,0.0
categorical__sprint_id_S4939,0.0
categorical__sprint_id_S494,0.0
categorical__sprint_id_S4940,0.0
categorical__sprint_id_S4941,0.0
categorical__sprint_id_S4942,0.0
categorical__sprint_id_S4944,0.0
categorical__sprint_id_S4864,0.0
categorical__sprint_id_S4862,0.0
categorical__sprint_id_S4762,0.0
categorical__sprint_id_S4810,0.0
categorical__sprint_id_S4790,0.0
categorical__sprint_id_S4791,0.0
categorical__sprint_id_S4792,0.0
categorical__sprint_id_S4793,0.0
categorical__sprint_id_S4794,0.0
categorical__sprint_id_S4795,0.0
categorical__sprint_id_S4797,0.0
categorical__sprint_id_S4798,0.0
categorical__sprint_id_S4799,0.0
categorical__sprint_id_S48,0.0
categorical__sprint_id_S480,0.0
categorical__sprint_id_S4800,0.0
categorical__sprint_id_S4801,0.0
categorical__sprint_id_S4803,0.0
categorical__sprint_id_S4804,0.0
categorical__sprint_id_S4805,0.0
categorical__sprint_id_S4807,0.0
categorical__sprint_id_S4808,0.0
categorical__sprint_id_S4809,0.0
categorical__sprint_id_S479,0.0
categorical__sprint_id_S4789,0.0
categorical__sprint_id_S4787,0.0
categorical__sprint_id_S4773,0.0
categorical__sprint_id_S4764,0.0
categorical__sprint_id_S4766,0.0
categorical__sprint_id_S4768,0.0
categorical__sprint_id_S4769,0.0
categorical__sprint_id_S477,0.0
categorical__sprint_id_S4770,0.0
categorical__sprint_id_S4771,0.0
categorical__sprint_id_S4772,0.0
categorical__sprint_id_S4776,0.0
categorical__sprint_id_S4786,0.0
categorical__sprint_id_S4777,0.0
categorical__sprint_id_S4778,0.0
categorical__sprint_id_S478,0.0
categorical__sprint_id_S4780,0.0
categorical__sprint_id_S4781,0.0
categorical__sprint_id_S4782,0.0
categorical__sprint_id_S4784,0.0
categorical__sprint_id_S4785,0.0
categorical__sprint_id_S481,0.0
categorical__sprint_id_S4811,0.0
categorical__sprint_id_S4861,0.0
categorical__sprint_id_S4812,0.0
categorical__sprint_id_S484,0.0
categorical__sprint_id_S4840,0.0
categorical__sprint_id_S4842,0.0
categorical__sprint_id_S4843,0.0
categorical__sprint_id_S4844,0.0
categorical__sprint_id_S4845,0.0
categorical__sprint_id_S4846,0.0
categorical__sprint_id_S4847,0.0
categorical__sprint_id_S4849,0.0
categorical__sprint_id_S485,0.0
categorical__sprint_id_S4850,0.0
categorical__sprint_id_S4851,0.0
categorical__sprint_id_S4852,0.0
categorical__sprint_id_S4853,0.0
categorical__sprint_id_S4856,0.0
categorical__sprint_id_S4857,0.0
categorical__sprint_id_S4858,0.0
categorical__sprint_id_S486,0.0
categorical__sprint_id_S4860,0.0
categorical__sprint_id_S4839,0.0
categorical__sprint_id_S4838,0.0
categorical__sprint_id_S4837,0.0
categorical__sprint_id_S4824,0.0
categorical__sprint_id_S4813,0.0
categorical__sprint_id_S4814,0.0
categorical__sprint_id_S4815,0.0
categorical__sprint_id_S4817,0.0
categorical__sprint_id_S4818,0.0
categorical__sprint_id_S482,0.0
categorical__sprint_id_S4822,0.0
categorical__sprint_id_S4823,0.0
categorical__sprint_id_S4825,0.0
categorical__sprint_id_S4835,0.0
categorical__sprint_id_S4827,0.0
categorical__sprint_id_S4828,0.0
categorical__sprint_id_S4829,0.0
categorical__sprint_id_S483,0.0
categorical__sprint_id_S4830,0.0
categorical__sprint_id_S4831,0.0
categorical__sprint_id_S4832,0.0
categorical__sprint_id_S4834,0.0
categorical__sprint_id_S3215,0.0
categorical__sprint_id_S3186,0.0
categorical__sprint_id_S3212,0.0
categorical__sprint_id_S1775,0.0
categorical__sprint_id_S178,0.0
categorical__sprint_id_S1780,0.0
categorical__sprint_id_S1782,0.0
categorical__sprint_id_S1784,0.0
categorical__sprint_id_S1785,0.0
categorical__sprint_id_S1786,0.0
categorical__sprint_id_S1789,0.0
categorical__sprint_id_S179,0.0
categorical__sprint_id_S1790,0.0
categorical__sprint_id_S1791,0.0
categorical__sprint_id_S1792,0.0
categorical__sprint_id_S1793,0.0
categorical__sprint_id_S1794,0.0
categorical__sprint_id_S1796,0.0
categorical__sprint_id_S1797,0.0
categorical__sprint_id_S1798,0.0
categorical__sprint_id_S1799,0.0
categorical__sprint_id_S18,0.0
categorical__sprint_id_S180,0.0
categorical__sprint_id_S1777,0.0
categorical__sprint_id_S1774,0.0
categorical__sprint_id_S1573,0.0
categorical__sprint_id_S1772,0.0
categorical__sprint_id_S1750,0.0
categorical__sprint_id_S1752,0.0
categorical__sprint_id_S1753,0.0
categorical__sprint_id_S1755,0.0
categorical__sprint_id_S1756,0.0
categorical__sprint_id_S1757,0.0
categorical__sprint_id_S1758,0.0
categorical__sprint_id_S1759,0.0
categorical__sprint_id_S176,0.0
categorical__sprint_id_S1760,0.0
categorical__sprint_id_S1761,0.0
categorical__sprint_id_S1762,0.0
categorical__sprint_id_S1763,0.0
categorical__sprint_id_S1765,0.0
categorical__sprint_id_S1766,0.0
categorical__sprint_id_S1767,0.0
categorical__sprint_id_S1768,0.0
categorical__sprint_id_S1770,0.0
categorical__sprint_id_S1771,0.0
categorical__sprint_id_S1800,0.0
categorical__sprint_id_S1808,0.0
categorical__sprint_id_S181,0.0
categorical__sprint_id_S1811,0.0
categorical__sprint_id_S1895,0.0
categorical__sprint_id_S1897,0.0
categorical__sprint_id_S1898,0.0
categorical__sprint_id_S19,0.0
categorical__sprint_id_S190,0.0
categorical__sprint_id_S1903,0.0
categorical__sprint_id_S1905,0.0
categorical__sprint_id_S1907,0.0
categorical__sprint_id_S1915,0.0
categorical__sprint_id_S192,0.0
categorical__sprint_id_S1920,0.0
categorical__sprint_id_S1926,0.0
categorical__sprint_id_S1927,0.0
categorical__sprint_id_S1929,0.0
categorical__sprint_id_S193,0.0
categorical__sprint_id_S1932,0.0
categorical__sprint_id_S1934,0.0
categorical__sprint_id_S1939,0.0
categorical__sprint_id_S1945,0.0
categorical__sprint_id_S1892,0.0
categorical__sprint_id_S1890,0.0
categorical__sprint_id_S189,0.0
categorical__sprint_id_S184,0.0
categorical__sprint_id_S1812,0.0
categorical__sprint_id_S1813,0.0
categorical__sprint_id_S1814,0.0
categorical__sprint_id_S1817,0.0
categorical__sprint_id_S1821,0.0
categorical__sprint_id_S1823,0.0
categorical__sprint_id_S1830,0.0
categorical__sprint_id_S1832,0.0
categorical__sprint_id_S1841,0.0
categorical__sprint_id_S1889,0.0
categorical__sprint_id_S1845,0.0
categorical__sprint_id_S1854,0.0
categorical__sprint_id_S1860,0.0
categorical__sprint_id_S187,0.0
categorical__sprint_id_S188,0.0
categorical__sprint_id_S1881,0.0
categorical__sprint_id_S1883,0.0
categorical__sprint_id_S1887,0.0
categorical__sprint_id_S175,0.0
categorical__sprint_id_S1749,0.0
categorical__sprint_id_S1748,0.0
categorical__sprint_id_S1623,0.0
categorical__sprint_id_S1601,0.0
categorical__sprint_id_S1602,0.0
categorical__sprint_id_S1603,0.0
categorical__sprint_id_S1604,0.0
categorical__sprint_id_S1605,0.0
categorical__sprint_id_S1606,0.0
categorical__sprint_id_S1607,0.0
categorical__sprint_id_S1608,0.0
categorical__sprint_id_S1609,0.0
categorical__sprint_id_S1610,0.0
categorical__sprint_id_S1612,0.0
categorical__sprint_id_S1613,0.0
categorical__sprint_id_S1615,0.0
categorical__sprint_id_S1616,0.0
categorical__sprint_id_S1617,0.0
categorical__sprint_id_S1618,0.0
categorical__sprint_id_S162,0.0
categorical__sprint_id_S1620,0.0
categorical__sprint_id_S1621,0.0
categorical__sprint_id_S1600,0.0
categorical__sprint_id_S160,0.0
categorical__sprint_id_S1599,0.0
categorical__sprint_id_S1582,0.0
categorical__sprint_id_S1575,0.0
categorical__sprint_id_S1576,0.0
categorical__sprint_id_S1577,0.0
categorical__sprint_id_S1578,0.0
categorical__sprint_id_S1579,0.0
categorical__sprint_id_S158,0.0
categorical__sprint_id_S1580,0.0
categorical__sprint_id_S1581,0.0
categorical__sprint_id_S1583,0.0
categorical__sprint_id_S1598,0.0
categorical__sprint_id_S1584,0.0
categorical__sprint_id_S1585,0.0
categorical__sprint_id_S1587,0.0
categorical__sprint_id_S1589,0.0
categorical__sprint_id_S159,0.0
categorical__sprint_id_S1591,0.0
categorical__sprint_id_S1594,0.0
categorical__sprint_id_S1595,0.0
categorical__sprint_id_S1622,0.0
categorical__sprint_id_S1625,0.0
categorical__sprint_id_S1746,0.0
categorical__sprint_id_S1626,0.0
categorical__sprint_id_S1703,0.0
categorical__sprint_id_S1705,0.0
categorical__sprint_id_S1706,0.0
categorical__sprint_id_S171,0.0
categorical__sprint_id_S1713,0.0
categorical__sprint_id_S1717,0.0
categorical__sprint_id_S172,0.0
categorical__sprint_id_S1720,0.0
categorical__sprint_id_S1721,0.0
categorical__sprint_id_S1723,0.0
categorical__sprint_id_S1728,0.0
categorical__sprint_id_S1729,0.0
categorical__sprint_id_S1731,0.0
categorical__sprint_id_S174,0.0
categorical__sprint_id_S1740,0.0
categorical__sprint_id_S1742,0.0
categorical__sprint_id_S1743,0.0
categorical__sprint_id_S1744,0.0
categorical__sprint_id_S1745,0.0
categorical__sprint_id_S170,0.0
categorical__sprint_id_S17,0.0
categorical__sprint_id_S1693,0.0
categorical__sprint_id_S1659,0.0
categorical__sprint_id_S1629,0.0
categorical__sprint_id_S1636,0.0
categorical__sprint_id_S164,0.0
categorical__sprint_id_S1643,0.0
categorical__sprint_id_S1650,0.0
categorical__sprint_id_S1655,0.0
categorical__sprint_id_S1656,0.0
categorical__sprint_id_S1657,0.0
categorical__sprint_id_S1662,0.0
categorical__sprint_id_S1685,0.0
categorical__sprint_id_S1668,0.0
categorical__sprint_id_S1669,0.0
categorical__sprint_id_S167,0.0
categorical__sprint_id_S1673,0.0
categorical__sprint_id_S1677,0.0
categorical__sprint_id_S1678,0.0
categorical__sprint_id_S1679,0.0
categorical__sprint_id_S168,0.0
categorical__sprint_id_S1946,0.0
categorical__sprint_id_S195,0.0
categorical__sprint_id_S196,0.0
categorical__sprint_id_S2174,0.0
categorical__sprint_id_S2148,0.0
categorical__sprint_id_S2149,0.0
categorical__sprint_id_S215,0.0
categorical__sprint_id_S2153,0.0
categorical__sprint_id_S2155,0.0
categorical__sprint_id_S2156,0.0
categorical__sprint_id_S2157,0.0
categorical__sprint_id_S2158,0.0
categorical__sprint_id_S2159,0.0
categorical__sprint_id_S2161,0.0
categorical__sprint_id_S2163,0.0
categorical__sprint_id_S2164,0.0
categorical__sprint_id_S2165,0.0
categorical__sprint_id_S2166,0.0
categorical__sprint_id_S2167,0.0
categorical__sprint_id_S2168,0.0
categorical__sprint_id_S2169,0.0
categorical__sprint_id_S2170,0.0
categorical__sprint_id_S2172,0.0
categorical__sprint_id_S2146,0.0
categorical__sprint_id_S214,0.0
categorical__sprint_id_S2139,0.0
categorical__sprint_id_S2121,0.0
categorical__sprint_id_S2109,0.0
categorical__sprint_id_S211,0.0
categorical__sprint_id_S2111,0.0
categorical__sprint_id_S2112,0.0
categorical__sprint_id_S2115,0.0
categorical__sprint_id_S2116,0.0
categorical__sprint_id_S2119,0.0
categorical__sprint_id_S212,0.0
categorical__sprint_id_S2122,0.0
categorical__sprint_id_S2137,0.0
categorical__sprint_id_S2123,0.0
categorical__sprint_id_S2124,0.0
categorical__sprint_id_S2125,0.0
categorical__sprint_id_S2126,0.0
categorical__sprint_id_S2128,0.0
categorical__sprint_id_S2133,0.0
categorical__sprint_id_S2134,0.0
categorical__sprint_id_S2136,0.0
categorical__sprint_id_S2173,0.0
categorical__sprint_id_S2175,0.0
categorical__sprint_id_S210,0.0
categorical__sprint_id_S2176,0.0
categorical__sprint_id_S2199,0.0
categorical__sprint_id_S22,0.0
categorical__sprint_id_S220,0.0
categorical__sprint_id_S2201,0.0
categorical__sprint_id_S2202,0.0
categorical__sprint_id_S2203,0.0
categorical__sprint_id_S2204,0.0
categorical__sprint_id_S2205,0.0
categorical__sprint_id_S2207,0.0
categorical__sprint_id_S2208,0.0
categorical__sprint_id_S2209,0.0
categorical__sprint_id_S221,0.0
categorical__sprint_id_S2211,0.0
categorical__sprint_id_S2213,0.0
categorical__sprint_id_S2216,0.0
categorical__sprint_id_S2218,0.0
categorical__sprint_id_S222,0.0
categorical__sprint_id_S2228,0.0
categorical__sprint_id_S223,0.0
categorical__sprint_id_S2198,0.0
categorical__sprint_id_S2197,0.0
categorical__sprint_id_S2196,0.0
categorical__sprint_id_S2184,0.0
categorical__sprint_id_S2177,0.0
categorical__sprint_id_S2178,0.0
categorical__sprint_id_S2179,0.0
categorical__sprint_id_S218,0.0
categorical__sprint_id_S2180,0.0
categorical__sprint_id_S2181,0.0
categorical__sprint_id_S2182,0.0
categorical__sprint_id_S2183,0.0
categorical__sprint_id_S2185,0.0
categorical__sprint_id_S2195,0.0
categorical__sprint_id_S2186,0.0
categorical__sprint_id_S2188,0.0
categorical__sprint_id_S219,0.0
categorical__sprint_id_S2190,0.0
categorical__sprint_id_S2191,0.0
categorical__sprint_id_S2192,0.0
categorical__sprint_id_S2193,0.0
categorical__sprint_id_S2194,0.0
categorical__sprint_id_S2101,0.0
categorical__sprint_id_S21,0.0
categorical__sprint_id_S1963,0.0
categorical__sprint_id_S203,0.0
categorical__sprint_id_S1995,0.0
categorical__sprint_id_S1997,0.0
categorical__sprint_id_S1998,0.0
categorical__sprint_id_S2,0.0
categorical__sprint_id_S20,0.0
categorical__sprint_id_S200,0.0
categorical__sprint_id_S2005,0.0
categorical__sprint_id_S2008,0.0
categorical__sprint_id_S2012,0.0
categorical__sprint_id_S2013,0.0
categorical__sprint_id_S2015,0.0
categorical__sprint_id_S2018,0.0
categorical__sprint_id_S2019,0.0
categorical__sprint_id_S202,0.0
categorical__sprint_id_S2021,0.0
categorical__sprint_id_S2022,0.0
categorical__sprint_id_S2024,0.0
categorical__sprint_id_S2025,0.0
categorical__sprint_id_S2027,0.0
categorical__sprint_id_S1993,0.0
categorical__sprint_id_S1992,0.0
categorical__sprint_id_S1990,0.0
categorical__sprint_id_S1976,0.0
categorical__sprint_id_S1964,0.0
categorical__sprint_id_S1965,0.0
categorical__sprint_id_S1966,0.0
categorical__sprint_id_S1967,0.0
categorical__sprint_id_S1968,0.0
categorical__sprint_id_S1969,0.0
categorical__sprint_id_S1973,0.0
categorical__sprint_id_S1974,0.0
categorical__sprint_id_S1977,0.0
categorical__sprint_id_S1987,0.0
categorical__sprint_id_S1978,0.0
categorical__sprint_id_S1979,0.0
categorical__sprint_id_S198,0.0
categorical__sprint_id_S1980,0.0
categorical__sprint_id_S1982,0.0
categorical__sprint_id_S1983,0.0
categorical__sprint_id_S1985,0.0
categorical__sprint_id_S1986,0.0
categorical__sprint_id_S2029,0.0
categorical__sprint_id_S2031,0.0
categorical__sprint_id_S2099,0.0
categorical__sprint_id_S2033,0.0
categorical__sprint_id_S2073,0.0
categorical__sprint_id_S2074,0.0
categorical__sprint_id_S2077,0.0
categorical__sprint_id_S2078,0.0
categorical__sprint_id_S2079,0.0
categorical__sprint_id_S208,0.0
categorical__sprint_id_S2080,0.0
categorical__sprint_id_S2083,0.0
categorical__sprint_id_S2084,0.0
categorical__sprint_id_S2085,0.0
categorical__sprint_id_S2086,0.0
categorical__sprint_id_S2088,0.0
categorical__sprint_id_S2089,0.0
categorical__sprint_id_S209,0.0
categorical__sprint_id_S2090,0.0
categorical__sprint_id_S2091,0.0
categorical__sprint_id_S2095,0.0
categorical__sprint_id_S2097,0.0
categorical__sprint_id_S2098,0.0
categorical__sprint_id_S2072,0.0
categorical__sprint_id_S2071,0.0
categorical__sprint_id_S207,0.0
categorical__sprint_id_S2051,0.0
categorical__sprint_id_S2036,0.0
categorical__sprint_id_S2038,0.0
categorical__sprint_id_S2039,0.0
categorical__sprint_id_S204,0.0
categorical__sprint_id_S2043,0.0
categorical__sprint_id_S2046,0.0
categorical__sprint_id_S2048,0.0
categorical__sprint_id_S205,0.0
categorical__sprint_id_S2052,0.0
categorical__sprint_id_S2069,0.0
categorical__sprint_id_S2054,0.0
categorical__sprint_id_S2055,0.0
categorical__sprint_id_S2056,0.0
categorical__sprint_id_S2057,0.0
categorical__sprint_id_S2059,0.0
categorical__sprint_id_S206,0.0
categorical__sprint_id_S2062,0.0
categorical__sprint_id_S2066,0.0
categorical__sprint_id_S1574,0.0
categorical__sprint_id_S1572,0.0
categorical__sprint_id_S3211,0.0
categorical__sprint_id_S1155,0.0
categorical__sprint_id_S1157,0.0
categorical__sprint_id_S1159,0.0
categorical__sprint_id_S116,0.0
categorical__sprint_id_S1160,0.0
categorical__sprint_id_S1161,0.0
categorical__sprint_id_S1163,0.0
categorical__sprint_id_S1164,0.0
categorical__sprint_id_S1165,0.0
categorical__sprint_id_S1166,0.0
categorical__sprint_id_S1169,0.0
categorical__sprint_id_S117,0.0
categorical__sprint_id_S1171,0.0
categorical__sprint_id_S1174,0.0
categorical__sprint_id_S1176,0.0
categorical__sprint_id_S1178,0.0
categorical__sprint_id_S1179,0.0
categorical__sprint_id_S118,0.0
categorical__sprint_id_S1180,0.0
categorical__sprint_id_S1181,0.0
categorical__sprint_id_S1156,0.0
categorical__sprint_id_S1154,0.0
categorical__sprint_id_S1571,0.0
categorical__sprint_id_S1153,0.0
categorical__sprint_id_S1128,0.0
categorical__sprint_id_S1129,0.0
categorical__sprint_id_S113,0.0
categorical__sprint_id_S1130,0.0
categorical__sprint_id_S1131,0.0
categorical__sprint_id_S1132,0.0
categorical__sprint_id_S1133,0.0
categorical__sprint_id_S1135,0.0
categorical__sprint_id_S1136,0.0
categorical__sprint_id_S1141,0.0
categorical__sprint_id_S1143,0.0
categorical__sprint_id_S1144,0.0
categorical__sprint_id_S1145,0.0
categorical__sprint_id_S1146,0.0
categorical__sprint_id_S1147,0.0
categorical__sprint_id_S1149,0.0
categorical__sprint_id_S1150,0.0
categorical__sprint_id_S1151,0.0
categorical__sprint_id_S1152,0.0
categorical__sprint_id_S1184,0.0
categorical__sprint_id_S1185,0.0
categorical__sprint_id_S1188,0.0
categorical__sprint_id_S1192,0.0
categorical__sprint_id_S1235,0.0
categorical__sprint_id_S1238,0.0
categorical__sprint_id_S1239,0.0
categorical__sprint_id_S1240,0.0
categorical__sprint_id_S1243,0.0
categorical__sprint_id_S1244,0.0
categorical__sprint_id_S1245,0.0
categorical__sprint_id_S1246,0.0
categorical__sprint_id_S1248,0.0
categorical__sprint_id_S1254,0.0
categorical__sprint_id_S1259,0.0
categorical__sprint_id_S1261,0.0
categorical__sprint_id_S1262,0.0
categorical__sprint_id_S1267,0.0
categorical__sprint_id_S1269,0.0
categorical__sprint_id_S127,0.0
categorical__sprint_id_S1272,0.0
categorical__sprint_id_S1278,0.0
categorical__sprint_id_S128,0.0
categorical__sprint_id_S1234,0.0
categorical__sprint_id_S1233,0.0
categorical__sprint_id_S1232,0.0
categorical__sprint_id_S1214,0.0
categorical__sprint_id_S1194,0.0
categorical__sprint_id_S1195,0.0
categorical__sprint_id_S12,0.0
categorical__sprint_id_S120,0.0
categorical__sprint_id_S1200,0.0
categorical__sprint_id_S1204,0.0
categorical__sprint_id_S1206,0.0
categorical__sprint_id_S1212,0.0
categorical__sprint_id_S1217,0.0
categorical__sprint_id_S1230,0.0
categorical__sprint_id_S1218,0.0
categorical__sprint_id_S1219,0.0
categorical__sprint_id_S1220,0.0
categorical__sprint_id_S1221,0.0
categorical__sprint_id_S1223,0.0
categorical__sprint_id_S1224,0.0
categorical__sprint_id_S1227,0.0
categorical__sprint_id_S1228,0.0
categorical__sprint_id_S1125,0.0
categorical__sprint_id_S1123,0.0
categorical__sprint_id_S1122,0.0
categorical__sprint_id_S1060,0.0
categorical__sprint_id_S1037,0.0
categorical__sprint_id_S1039,0.0
categorical__sprint_id_S1040,0.0
categorical__sprint_id_S1042,0.0
categorical__sprint_id_S1043,0.0
categorical__sprint_id_S1044,0.0
categorical__sprint_id_S1045,0.0
categorical__sprint_id_S1047,0.0
categorical__sprint_id_S1048,0.0
categorical__sprint_id_S1049,0.0
categorical__sprint_id_S105,0.0
categorical__sprint_id_S1050,0.0
categorical__sprint_id_S1051,0.0
categorical__sprint_id_S1052,0.0
categorical__sprint_id_S1053,0.0
categorical__sprint_id_S1054,0.0
categorical__sprint_id_S1055,0.0
categorical__sprint_id_S1056,0.0
categorical__sprint_id_S1058,0.0
categorical__sprint_id_S1035,0.0
categorical__sprint_id_S1031,0.0
categorical__sprint_id_S1027,0.0
categorical__sprint_id_S1006,0.0
categorical__team_id_T14,0.0
categorical__team_id_T29,0.0
categorical__team_id_T8,0.0
categorical__sprint_id_S100,0.0
categorical__sprint_id_S1001,0.0
categorical__sprint_id_S1002,0.0
categorical__sprint_id_S1004,0.0
categorical__sprint_id_S1005,0.0
categorical__sprint_id_S1011,0.0
categorical__sprint_id_S1026,0.0
categorical__sprint_id_S1015,0.0
categorical__sprint_id_S1016,0.0
categorical__sprint_id_S1017,0.0
categorical__sprint_id_S1018,0.0
categorical__sprint_id_S102,0.0
categorical__sprint_id_S1020,0.0
categorical__sprint_id_S1023,0.0
categorical__sprint_id_S1024,0.0
categorical__sprint_id_S1059,0.0
categorical__sprint_id_S1061,0.0
categorical__sprint_id_S1120,0.0
categorical__sprint_id_S1062,0.0
categorical__sprint_id_S1091,0.0
categorical__sprint_id_S1092,0.0
categorical__sprint_id_S1095,0.0
categorical__sprint_id_S1096,0.0
categorical__sprint_id_S1099,0.0
categorical__sprint_id_S11,0.0
categorical__sprint_id_S1100,0.0
categorical__sprint_id_S1101,0.0
categorical__sprint_id_S1102,0.0
categorical__sprint_id_S1103,0.0
categorical__sprint_id_S1104,0.0
categorical__sprint_id_S1106,0.0
categorical__sprint_id_S1107,0.0
categorical__sprint_id_S1108,0.0
categorical__sprint_id_S1110,0.0
categorical__sprint_id_S1112,0.0
categorical__sprint_id_S1115,0.0
categorical__sprint_id_S1116,0.0
categorical__sprint_id_S1117,0.0
categorical__sprint_id_S1090,0.0
categorical__sprint_id_S109,0.0
categorical__sprint_id_S1089,0.0
categorical__sprint_id_S1075,0.0
categorical__sprint_id_S1063,0.0
categorical__sprint_id_S1065,0.0
categorical__sprint_id_S1067,0.0
categorical__sprint_id_S107,0.0
categorical__sprint_id_S1070,0.0
categorical__sprint_id_S1071,0.0
categorical__sprint_id_S1072,0.0
categorical__sprint_id_S1073,0.0
categorical__sprint_id_S1076,0.0
categorical__sprint_id_S1087,0.0
categorical__sprint_id_S1078,0.0
categorical__sprint_id_S1079,0.0
categorical__sprint_id_S108,0.0
categorical__sprint_id_S1080,0.0
categorical__sprint_id_S1082,0.0
categorical__sprint_id_S1083,0.0
categorical__sprint_id_S1085,0.0
categorical__sprint_id_S1086,0.0
categorical__sprint_id_S1280,0.0
categorical__sprint_id_S1281,0.0
categorical__sprint_id_S1282,0.0
categorical__sprint_id_S1477,0.0
categorical__sprint_id_S1453,0.0
categorical__sprint_id_S1454,0.0
categorical__sprint_id_S1457,0.0
categorical__sprint_id_S1458,0.0
categorical__sprint_id_S1459,0.0
categorical__sprint_id_S146,0.0
categorical__sprint_id_S1461,0.0
categorical__sprint_id_S1462,0.0
categorical__sprint_id_S1463,0.0
categorical__sprint_id_S1465,0.0
categorical__sprint_id_S1466,0.0
categorical__sprint_id_S1467,0.0
categorical__sprint_id_S1468,0.0
categorical__sprint_id_S1469,0.0
categorical__sprint_id_S147,0.0
categorical__sprint_id_S1470,0.0
categorical__sprint_id_S1471,0.0
categorical__sprint_id_S1472,0.0
categorical__sprint_id_S1473,0.0
categorical__sprint_id_S1452,0.0
categorical__sprint_id_S1451,0.0
categorical__sprint_id_S1450,0.0
categorical__sprint_id_S1435,0.0
categorical__sprint_id_S1425,0.0
categorical__sprint_id_S1426,0.0
categorical__sprint_id_S1427,0.0
categorical__sprint_id_S1428,0.0
categorical__sprint_id_S1429,0.0
categorical__sprint_id_S1430,0.0
categorical__sprint_id_S1431,0.0
categorical__sprint_id_S1432,0.0
categorical__sprint_id_S1436,0.0
categorical__sprint_id_S1449,0.0
categorical__sprint_id_S1438,0.0
categorical__sprint_id_S1439,0.0
categorical__sprint_id_S144,0.0
categorical__sprint_id_S1442,0.0
categorical__sprint_id_S1443,0.0
categorical__sprint_id_S1444,0.0
categorical__sprint_id_S1446,0.0
categorical__sprint_id_S1448,0.0
categorical__sprint_id_S1476,0.0
categorical__sprint_id_S1478,0.0
categorical__sprint_id_S1419,0.0
categorical__sprint_id_S148,0.0
categorical__sprint_id_S1531,0.0
categorical__sprint_id_S1532,0.0
categorical__sprint_id_S1533,0.0
categorical__sprint_id_S1539,0.0
categorical__sprint_id_S154,0.0
categorical__sprint_id_S1540,0.0
categorical__sprint_id_S1541,0.0
categorical__sprint_id_S1542,0.0
categorical__sprint_id_S1553,0.0
categorical__sprint_id_S1555,0.0
categorical__sprint_id_S1556,0.0
categorical__sprint_id_S1557,0.0
categorical__sprint_id_S1562,0.0
categorical__sprint_id_S1566,0.0
categorical__sprint_id_S1567,0.0
categorical__sprint_id_S1568,0.0
categorical__sprint_id_S1569,0.0
categorical__sprint_id_S157,0.0
categorical__sprint_id_S1570,0.0
categorical__sprint_id_S153,0.0
categorical__sprint_id_S1529,0.0
categorical__sprint_id_S1526,0.0
categorical__sprint_id_S15,0.0
categorical__sprint_id_S1480,0.0
categorical__sprint_id_S1482,0.0
categorical__sprint_id_S1484,0.0
categorical__sprint_id_S1493,0.0
categorical__sprint_id_S1496,0.0
categorical__sprint_id_S1497,0.0
categorical__sprint_id_S1498,0.0
categorical__sprint_id_S1499,0.0
categorical__sprint_id_S150,0.0
categorical__sprint_id_S1524,0.0
categorical__sprint_id_S1500,0.0
categorical__sprint_id_S1501,0.0
categorical__sprint_id_S1503,0.0
categorical__sprint_id_S1514,0.0
categorical__sprint_id_S1515,0.0
categorical__sprint_id_S1516,0.0
categorical__sprint_id_S1518,0.0
categorical__sprint_id_S152,0.0
categorical__sprint_id_S1421,0.0
categorical__sprint_id_S1418,0.0
categorical__sprint_id_S1286,0.0
categorical__sprint_id_S1348,0.0
categorical__sprint_id_S1326,0.0
categorical__sprint_id_S1327,0.0
categorical__sprint_id_S1329,0.0
categorical__sprint_id_S133,0.0
categorical__sprint_id_S1330,0.0
categorical__sprint_id_S1331,0.0
categorical__sprint_id_S1333,0.0
categorical__sprint_id_S1335,0.0
categorical__sprint_id_S1336,0.0
categorical__sprint_id_S1337,0.0
categorical__sprint_id_S1338,0.0
categorical__sprint_id_S134,0.0
categorical__sprint_id_S1340,0.0
categorical__sprint_id_S1341,0.0
categorical__sprint_id_S1342,0.0
categorical__sprint_id_S1343,0.0
categorical__sprint_id_S1344,0.0
categorical__sprint_id_S1345,0.0
categorical__sprint_id_S1346,0.0
categorical__sprint_id_S1325,0.0
categorical__sprint_id_S1324,0.0
categorical__sprint_id_S1323,0.0
categorical__sprint_id_S1308,0.0
categorical__sprint_id_S1289,0.0
categorical__sprint_id_S1291,0.0
categorical__sprint_id_S1292,0.0
categorical__sprint_id_S1293,0.0
categorical__sprint_id_S1294,0.0
categorical__sprint_id_S1296,0.0
categorical__sprint_id_S1301,0.0
categorical__sprint_id_S1305,0.0
categorical__sprint_id_S1310,0.0
categorical__sprint_id_S1322,0.0
categorical__sprint_id_S1311,0.0
categorical__sprint_id_S1312,0.0
categorical__sprint_id_S1314,0.0
categorical__sprint_id_S1315,0.0
categorical__sprint_id_S1318,0.0
categorical__sprint_id_S1319,0.0
categorical__sprint_id_S132,0.0
categorical__sprint_id_S1320,0.0
categorical__sprint_id_S1347,0.0
categorical__sprint_id_S1349,0.0
categorical__sprint_id_S1417,0.0
categorical__sprint_id_S1350,0.0
categorical__sprint_id_S1393,0.0
categorical__sprint_id_S1394,0.0
categorical__sprint_id_S1395,0.0
categorical__sprint_id_S1397,0.0
categorical__sprint_id_S14,0.0
categorical__sprint_id_S1400,0.0
categorical__sprint_id_S1401,0.0
categorical__sprint_id_S1403,0.0
categorical__sprint_id_S1404,0.0
categorical__sprint_id_S1405,0.0
categorical__sprint_id_S1406,0.0
categorical__sprint_id_S1407,0.0
categorical__sprint_id_S1408,0.0
categorical__sprint_id_S1409,0.0
categorical__sprint_id_S141,0.0
categorical__sprint_id_S1410,0.0
categorical__sprint_id_S1412,0.0
categorical__sprint_id_S1414,0.0
categorical__sprint_id_S1416,0.0
categorical__sprint_id_S1391,0.0
categorical__sprint_id_S1390,0.0
categorical__sprint_id_S1389,0.0
categorical__sprint_id_S1369,0.0
categorical__sprint_id_S1351,0.0
categorical__sprint_id_S1353,0.0
categorical__sprint_id_S1356,0.0
categorical__sprint_id_S136,0.0
categorical__sprint_id_S1360,0.0
categorical__sprint_id_S1364,0.0
categorical__sprint_id_S1365,0.0
categorical__sprint_id_S1368,0.0
categorical__sprint_id_S137,0.0
categorical__sprint_id_S1383,0.0
categorical__sprint_id_S1371,0.0
categorical__sprint_id_S1372,0.0
categorical__sprint_id_S1373,0.0
categorical__sprint_id_S1374,0.0
categorical__sprint_id_S1377,0.0
categorical__sprint_id_S1378,0.0
categorical__sprint_id_S1379,0.0
categorical__sprint_id_S138,0.0
categorical__sprint_id_S2234,0.0
categorical__sprint_id_S2235,0.0
categorical__sprint_id_S2236,0.0
categorical__sprint_id_S2927,0.0
categorical__sprint_id_S293,0.0
categorical__sprint_id_S2930,0.0
categorical__sprint_id_S2931,0.0
categorical__sprint_id_S2932,0.0
categorical__sprint_id_S2933,0.0
categorical__sprint_id_S2934,0.0
categorical__sprint_id_S2935,0.0
categorical__sprint_id_S2936,0.0
categorical__sprint_id_S2937,0.0
categorical__sprint_id_S2938,0.0
categorical__sprint_id_S2939,0.0
categorical__sprint_id_S294,0.0
categorical__sprint_id_S2941,0.0
categorical__sprint_id_S2942,0.0
categorical__sprint_id_S2943,0.0
categorical__sprint_id_S2944,0.0
categorical__sprint_id_S2946,0.0
categorical__sprint_id_S2948,0.0
categorical__sprint_id_S2951,0.0
categorical__sprint_id_S2928,0.0
categorical__sprint_id_S2926,0.0
categorical__sprint_id_S2238,0.0
categorical__sprint_id_S2925,0.0
categorical__sprint_id_S2905,0.0
categorical__sprint_id_S2906,0.0
categorical__sprint_id_S2909,0.0
categorical__sprint_id_S291,0.0
categorical__sprint_id_S2910,0.0
categorical__sprint_id_S2911,0.0
categorical__sprint_id_S2912,0.0
categorical__sprint_id_S2913,0.0
categorical__sprint_id_S2915,0.0
categorical__sprint_id_S2916,0.0
categorical__sprint_id_S2917,0.0
categorical__sprint_id_S2918,0.0
categorical__sprint_id_S2919,0.0
categorical__sprint_id_S292,0.0
categorical__sprint_id_S2920,0.0
categorical__sprint_id_S2921,0.0
categorical__sprint_id_S2922,0.0
categorical__sprint_id_S2923,0.0
categorical__sprint_id_S2924,0.0
categorical__sprint_id_S2952,0.0
categorical__sprint_id_S2953,0.0
categorical__sprint_id_S2954,0.0
categorical__sprint_id_S2955,0.0
categorical__sprint_id_S2986,0.0
categorical__sprint_id_S2988,0.0
categorical__sprint_id_S2989,0.0
categorical__sprint_id_S299,0.0
categorical__sprint_id_S2990,0.0
categorical__sprint_id_S2991,0.0
categorical__sprint_id_S2992,0.0
categorical__sprint_id_S2993,0.0
categorical__sprint_id_S2994,0.0
categorical__sprint_id_S2997,0.0
categorical__sprint_id_S2998,0.0
categorical__sprint_id_S30,0.0
categorical__sprint_id_S300,0.0
categorical__sprint_id_S3000,0.0
categorical__sprint_id_S3001,0.0
categorical__sprint_id_S3002,0.0
categorical__sprint_id_S3003,0.0
categorical__sprint_id_S3005,0.0
categorical__sprint_id_S3007,0.0
categorical__sprint_id_S2985,0.0
categorical__sprint_id_S2983,0.0
categorical__sprint_id_S2982,0.0
categorical__sprint_id_S2968,0.0
categorical__sprint_id_S2956,0.0
categorical__sprint_id_S2957,0.0
categorical__sprint_id_S2958,0.0
categorical__sprint_id_S2959,0.0
categorical__sprint_id_S2961,0.0
categorical__sprint_id_S2964,0.0
categorical__sprint_id_S2965,0.0
categorical__sprint_id_S2967,0.0
categorical__sprint_id_S2970,0.0
categorical__sprint_id_S2981,0.0
categorical__sprint_id_S2971,0.0
categorical__sprint_id_S2972,0.0
categorical__sprint_id_S2974,0.0
categorical__sprint_id_S2975,0.0
categorical__sprint_id_S2976,0.0
categorical__sprint_id_S2978,0.0
categorical__sprint_id_S298,0.0
categorical__sprint_id_S2980,0.0
categorical__sprint_id_S2904,0.0
categorical__sprint_id_S2903,0.0
categorical__sprint_id_S2900,0.0
categorical__sprint_id_S2841,0.0
categorical__sprint_id_S2818,0.0
categorical__sprint_id_S2819,0.0
categorical__sprint_id_S2820,0.0
categorical__sprint_id_S2821,0.0
categorical__sprint_id_S2822,0.0
categorical__sprint_id_S2823,0.0
categorical__sprint_id_S2826,0.0
categorical__sprint_id_S2827,0.0
categorical__sprint_id_S2828,0.0
categorical__sprint_id_S283,0.0
categorical__sprint_id_S2830,0.0
categorical__sprint_id_S2831,0.0
categorical__sprint_id_S2832,0.0
categorical__sprint_id_S2834,0.0
categorical__sprint_id_S2835,0.0
categorical__sprint_id_S2836,0.0
categorical__sprint_id_S2838,0.0
categorical__sprint_id_S2839,0.0
categorical__sprint_id_S284,0.0
categorical__sprint_id_S2817,0.0
categorical__sprint_id_S2816,0.0
categorical__sprint_id_S2814,0.0
categorical__sprint_id_S2800,0.0
categorical__sprint_id_S2794,0.0
categorical__sprint_id_S2795,0.0
categorical__sprint_id_S2796,0.0
categorical__sprint_id_S2797,0.0
categorical__sprint_id_S2798,0.0
categorical__sprint_id_S2799,0.0
categorical__sprint_id_S28,0.0
categorical__sprint_id_S280,0.0
categorical__sprint_id_S2801,0.0
categorical__sprint_id_S2812,0.0
categorical__sprint_id_S2802,0.0
categorical__sprint_id_S2803,0.0
categorical__sprint_id_S2805,0.0
categorical__sprint_id_S2806,0.0
categorical__sprint_id_S2807,0.0
categorical__sprint_id_S2808,0.0
categorical__sprint_id_S281,0.0
categorical__sprint_id_S2810,0.0
categorical__sprint_id_S2840,0.0
categorical__sprint_id_S2842,0.0
categorical__sprint_id_S29,0.0
categorical__sprint_id_S2843,0.0
categorical__sprint_id_S2873,0.0
categorical__sprint_id_S2875,0.0
categorical__sprint_id_S2876,0.0
categorical__sprint_id_S2877,0.0
categorical__sprint_id_S2878,0.0
categorical__sprint_id_S2879,0.0
categorical__sprint_id_S2880,0.0
categorical__sprint_id_S2881,0.0
categorical__sprint_id_S2882,0.0
categorical__sprint_id_S2886,0.0
categorical__sprint_id_S2887,0.0
categorical__sprint_id_S2888,0.0
categorical__sprint_id_S2889,0.0
categorical__sprint_id_S2891,0.0
categorical__sprint_id_S2893,0.0
categorical__sprint_id_S2894,0.0
categorical__sprint_id_S2895,0.0
categorical__sprint_id_S2897,0.0
categorical__sprint_id_S2898,0.0
categorical__sprint_id_S2872,0.0
categorical__sprint_id_S2870,0.0
categorical__sprint_id_S287,0.0
categorical__sprint_id_S2852,0.0
categorical__sprint_id_S2844,0.0
categorical__sprint_id_S2845,0.0
categorical__sprint_id_S2846,0.0
categorical__sprint_id_S2847,0.0
categorical__sprint_id_S2848,0.0
categorical__sprint_id_S285,0.0
categorical__sprint_id_S2850,0.0
categorical__sprint_id_S2851,0.0
categorical__sprint_id_S2854,0.0
categorical__sprint_id_S2868,0.0
categorical__sprint_id_S2855,0.0
categorical__sprint_id_S2856,0.0
categorical__sprint_id_S2857,0.0
categorical__sprint_id_S2862,0.0
categorical__sprint_id_S2864,0.0
categorical__sprint_id_S2865,0.0
categorical__sprint_id_S2866,0.0
categorical__sprint_id_S2867,0.0
categorical__sprint_id_S3008,0.0
categorical__sprint_id_S301,0.0
categorical__sprint_id_S3010,0.0
categorical__sprint_id_S3165,0.0
categorical__sprint_id_S3146,0.0
categorical__sprint_id_S3147,0.0
categorical__sprint_id_S3148,0.0
categorical__sprint_id_S3149,0.0
categorical__sprint_id_S315,0.0
categorical__sprint_id_S3150,0.0
categorical__sprint_id_S3151,0.0
categorical__sprint_id_S3152,0.0
categorical__sprint_id_S3153,0.0
categorical__sprint_id_S3155,0.0
categorical__sprint_id_S3156,0.0
categorical__sprint_id_S3157,0.0
categorical__sprint_id_S3158,0.0
categorical__sprint_id_S3159,0.0
categorical__sprint_id_S316,0.0
categorical__sprint_id_S3160,0.0
categorical__sprint_id_S3161,0.0
categorical__sprint_id_S3162,0.0
categorical__sprint_id_S3163,0.0
categorical__sprint_id_S3145,0.0
categorical__sprint_id_S3144,0.0
categorical__sprint_id_S3143,0.0
categorical__sprint_id_S3133,0.0
categorical__sprint_id_S3123,0.0
categorical__sprint_id_S3124,0.0
categorical__sprint_id_S3125,0.0
categorical__sprint_id_S3128,0.0
categorical__sprint_id_S3129,0.0
categorical__sprint_id_S313,0.0
categorical__sprint_id_S3130,0.0
categorical__sprint_id_S3132,0.0
categorical__sprint_id_S3134,0.0
categorical__sprint_id_S3142,0.0
categorical__sprint_id_S3135,0.0
categorical__sprint_id_S3136,0.0
categorical__sprint_id_S3137,0.0
categorical__sprint_id_S3138,0.0
categorical__sprint_id_S3139,0.0
categorical__sprint_id_S314,0.0
categorical__sprint_id_S3140,0.0
categorical__sprint_id_S3141,0.0
categorical__sprint_id_S3164,0.0
categorical__sprint_id_S3166,0.0
categorical__sprint_id_S3120,0.0
categorical__sprint_id_S3167,0.0
categorical__sprint_id_S3194,0.0
categorical__sprint_id_S3195,0.0
categorical__sprint_id_S3196,0.0
categorical__sprint_id_S3197,0.0
categorical__sprint_id_S3198,0.0
categorical__sprint_id_S3199,0.0
categorical__sprint_id_S32,0.0
categorical__sprint_id_S320,0.0
categorical__sprint_id_S3200,0.0
categorical__sprint_id_S3201,0.0
categorical__sprint_id_S3202,0.0
categorical__sprint_id_S3203,0.0
categorical__sprint_id_S3204,0.0
categorical__sprint_id_S3205,0.0
categorical__sprint_id_S3206,0.0
categorical__sprint_id_S3207,0.0
categorical__sprint_id_S3208,0.0
categorical__sprint_id_S321,0.0
categorical__sprint_id_S3210,0.0
categorical__sprint_id_S3193,0.0
categorical__sprint_id_S3192,0.0
categorical__sprint_id_S3190,0.0
categorical__sprint_id_S3177,0.0
categorical__sprint_id_S3168,0.0
categorical__sprint_id_S3169,0.0
categorical__sprint_id_S317,0.0
categorical__sprint_id_S3171,0.0
categorical__sprint_id_S3172,0.0
categorical__sprint_id_S3173,0.0
categorical__sprint_id_S3174,0.0
categorical__sprint_id_S3176,0.0
categorical__sprint_id_S3178,0.0
categorical__sprint_id_S319,0.0
categorical__sprint_id_S3179,0.0
categorical__sprint_id_S318,0.0
categorical__sprint_id_S3180,0.0
categorical__sprint_id_S3181,0.0
categorical__sprint_id_S3182,0.0
categorical__sprint_id_S3183,0.0
categorical__sprint_id_S3184,0.0
categorical__sprint_id_S3187,0.0
categorical__sprint_id_S3122,0.0
categorical__sprint_id_S312,0.0
categorical__sprint_id_S3011,0.0
categorical__sprint_id_S3059,0.0
categorical__sprint_id_S3039,0.0
categorical__sprint_id_S304,0.0
categorical__sprint_id_S3040,0.0
categorical__sprint_id_S3041,0.0
categorical__sprint_id_S3042,0.0
categorical__sprint_id_S3043,0.0
categorical__sprint_id_S3044,0.0
categorical__sprint_id_S3045,0.0
categorical__sprint_id_S3046,0.0
categorical__sprint_id_S3047,0.0
categorical__sprint_id_S3048,0.0
categorical__sprint_id_S3049,0.0
categorical__sprint_id_S305,0.0
categorical__sprint_id_S3050,0.0
categorical__sprint_id_S3051,0.0
categorical__sprint_id_S3052,0.0
categorical__sprint_id_S3053,0.0
categorical__sprint_id_S3055,0.0
categorical__sprint_id_S3056,0.0
categorical__sprint_id_S3038,0.0
categorical__sprint_id_S3037,0.0
categorical__sprint_id_S3036,0.0
categorical__sprint_id_S3024,0.0
categorical__sprint_id_S3012,0.0
categorical__sprint_id_S3013,0.0
categorical__sprint_id_S3015,0.0
categorical__sprint_id_S3016,0.0
categorical__sprint_id_S3017,0.0
categorical__sprint_id_S3018,0.0
categorical__sprint_id_S3019,0.0
categorical__sprint_id_S3022,0.0
categorical__sprint_id_S3025,0.0
categorical__sprint_id_S3035,0.0
categorical__sprint_id_S3027,0.0
categorical__sprint_id_S3028,0.0
categorical__sprint_id_S3029,0.0
categorical__sprint_id_S303,0.0
categorical__sprint_id_S3030,0.0
categorical__sprint_id_S3031,0.0
categorical__sprint_id_S3033,0.0
categorical__sprint_id_S3034,0.0
categorical__sprint_id_S3058,0.0
categorical__sprint_id_S306,0.0
categorical__sprint_id_S3119,0.0
categorical__sprint_id_S3060,0.0
categorical__sprint_id_S3091,0.0
categorical__sprint_id_S3093,0.0
categorical__sprint_id_S3096,0.0
categorical__sprint_id_S3098,0.0
categorical__sprint_id_S310,0.0
categorical__sprint_id_S3100,0.0
categorical__sprint_id_S3101,0.0
categorical__sprint_id_S3102,0.0
categorical__sprint_id_S3104,0.0
categorical__sprint_id_S3105,0.0
categorical__sprint_id_S3106,0.0
categorical__sprint_id_S3107,0.0
categorical__sprint_id_S3109,0.0
categorical__sprint_id_S3110,0.0
categorical__sprint_id_S3112,0.0
categorical__sprint_id_S3113,0.0
categorical__sprint_id_S3115,0.0
categorical__sprint_id_S3116,0.0
categorical__sprint_id_S3117,0.0
categorical__sprint_id_S3090,0.0
categorical__sprint_id_S3088,0.0
categorical__sprint_id_S3087,0.0
categorical__sprint_id_S3076,0.0
categorical__sprint_id_S3062,0.0
categorical__sprint_id_S3063,0.0
categorical__sprint_id_S3064,0.0
categorical__sprint_id_S3067,0.0
categorical__sprint_id_S307,0.0
categorical__sprint_id_S3070,0.0
categorical__sprint_id_S3073,0.0
categorical__sprint_id_S3074,0.0
categorical__sprint_id_S3077,0.0
categorical__sprint_id_S3086,0.0
categorical__sprint_id_S3078,0.0
categorical__sprint_id_S3079,0.0
categorical__sprint_id_S308,0.0
categorical__sprint_id_S3080,0.0
categorical__sprint_id_S3081,0.0
categorical__sprint_id_S3082,0.0
categorical__sprint_id_S3084,0.0
categorical__sprint_id_S3085,0.0
categorical__sprint_id_S2793,0.0
categorical__sprint_id_S2791,0.0
categorical__sprint_id_S2790,0.0
categorical__sprint_id_S2531,0.0
categorical__sprint_id_S2486,0.0
categorical__sprint_id_S2487,0.0
categorical__sprint_id_S2489,0.0
categorical__sprint_id_S249,0.0
categorical__sprint_id_S2493,0.0
categorical__sprint_id_S2494,0.0
categorical__sprint_id_S25,0.0
categorical__sprint_id_S250,0.0
categorical__sprint_id_S2505,0.0
categorical__sprint_id_S2506,0.0
categorical__sprint_id_S251,0.0
categorical__sprint_id_S2510,0.0
categorical__sprint_id_S2512,0.0
categorical__sprint_id_S2513,0.0
categorical__sprint_id_S252,0.0
categorical__sprint_id_S2524,0.0
categorical__sprint_id_S2528,0.0
categorical__sprint_id_S2529,0.0
categorical__sprint_id_S253,0.0
categorical__sprint_id_S2485,0.0
categorical__sprint_id_S2484,0.0
categorical__sprint_id_S2483,0.0
categorical__sprint_id_S2451,0.0
categorical__sprint_id_S2433,0.0
categorical__sprint_id_S2434,0.0
categorical__sprint_id_S2437,0.0
categorical__sprint_id_S244,0.0
categorical__sprint_id_S2446,0.0
categorical__sprint_id_S2448,0.0
categorical__sprint_id_S2449,0.0
categorical__sprint_id_S245,0.0
categorical__sprint_id_S2454,0.0
categorical__sprint_id_S248,0.0
categorical__sprint_id_S2458,0.0
categorical__sprint_id_S2460,0.0
categorical__sprint_id_S2467,0.0
categorical__sprint_id_S247,0.0
categorical__sprint_id_S2470,0.0
categorical__sprint_id_S2471,0.0
categorical__sprint_id_S2473,0.0
categorical__sprint_id_S2476,0.0
categorical__sprint_id_S2530,0.0
categorical__sprint_id_S2532,0.0
categorical__sprint_id_S2425,0.0
categorical__sprint_id_S2533,0.0
categorical__sprint_id_S2563,0.0
categorical__sprint_id_S2564,0.0
categorical__sprint_id_S2565,0.0
categorical__sprint_id_S2566,0.0
categorical__sprint_id_S2567,0.0
categorical__sprint_id_S2568,0.0
categorical__sprint_id_S257,0.0
categorical__sprint_id_S2570,0.0
categorical__sprint_id_S2571,0.0
categorical__sprint_id_S2572,0.0
categorical__sprint_id_S2573,0.0
categorical__sprint_id_S2574,0.0
categorical__sprint_id_S2575,0.0
categorical__sprint_id_S2576,0.0
categorical__sprint_id_S2577,0.0
categorical__sprint_id_S2578,0.0
categorical__sprint_id_S2579,0.0
categorical__sprint_id_S258,0.0
categorical__sprint_id_S2580,0.0
categorical__sprint_id_S2561,0.0
categorical__sprint_id_S2560,0.0
categorical__sprint_id_S256,0.0
categorical__sprint_id_S2546,0.0
categorical__sprint_id_S2534,0.0
categorical__sprint_id_S254,0.0
categorical__sprint_id_S2540,0.0
categorical__sprint_id_S2541,0.0
categorical__sprint_id_S2542,0.0
categorical__sprint_id_S2543,0.0
categorical__sprint_id_S2544,0.0
categorical__sprint_id_S2545,0.0
categorical__sprint_id_S2547,0.0
categorical__sprint_id_S2559,0.0
categorical__sprint_id_S2548,0.0
categorical__sprint_id_S2549,0.0
categorical__sprint_id_S2550,0.0
categorical__sprint_id_S2552,0.0
categorical__sprint_id_S2553,0.0
categorical__sprint_id_S2554,0.0
categorical__sprint_id_S2556,0.0
categorical__sprint_id_S2558,0.0
categorical__sprint_id_S2430,0.0
categorical__sprint_id_S2424,0.0
categorical__sprint_id_S2582,0.0
categorical__sprint_id_S2334,0.0
categorical__sprint_id_S2293,0.0
categorical__sprint_id_S2294,0.0
categorical__sprint_id_S2295,0.0
categorical__sprint_id_S2296,0.0
categorical__sprint_id_S2299,0.0
categorical__sprint_id_S230,0.0
categorical__sprint_id_S2300,0.0
categorical__sprint_id_S2301,0.0
categorical__sprint_id_S2305,0.0
categorical__sprint_id_S2306,0.0
categorical__sprint_id_S2308,0.0
categorical__sprint_id_S231,0.0
categorical__sprint_id_S2310,0.0
categorical__sprint_id_S2311,0.0
categorical__sprint_id_S2315,0.0
categorical__sprint_id_S2317,0.0
categorical__sprint_id_S2321,0.0
categorical__sprint_id_S2323,0.0
categorical__sprint_id_S233,0.0
categorical__sprint_id_S2292,0.0
categorical__sprint_id_S2291,0.0
categorical__sprint_id_S229,0.0
categorical__sprint_id_S2256,0.0
categorical__sprint_id_S224,0.0
categorical__sprint_id_S2240,0.0
categorical__sprint_id_S2241,0.0
categorical__sprint_id_S2243,0.0
categorical__sprint_id_S2249,0.0
categorical__sprint_id_S225,0.0
categorical__sprint_id_S2250,0.0
categorical__sprint_id_S2254,0.0
categorical__sprint_id_S2257,0.0
categorical__sprint_id_S2285,0.0
categorical__sprint_id_S2261,0.0
categorical__sprint_id_S2264,0.0
categorical__sprint_id_S2265,0.0
categorical__sprint_id_S227,0.0
categorical__sprint_id_S2274,0.0
categorical__sprint_id_S2276,0.0
categorical__sprint_id_S228,0.0
categorical__sprint_id_S2281,0.0
categorical__sprint_id_S2333,0.0
categorical__sprint_id_S2340,0.0
categorical__sprint_id_S242,0.0
categorical__sprint_id_S2344,0.0
categorical__sprint_id_S2394,0.0
categorical__sprint_id_S2395,0.0
categorical__sprint_id_S2399,0.0
categorical__sprint_id_S24,0.0
categorical__sprint_id_S240,0.0
categorical__sprint_id_S2402,0.0
categorical__sprint_id_S2403,0.0
categorical__sprint_id_S2404,0.0
categorical__sprint_id_S2406,0.0
categorical__sprint_id_S2408,0.0
categorical__sprint_id_S241,0.0
categorical__sprint_id_S2410,0.0
categorical__sprint_id_S2411,0.0
categorical__sprint_id_S2412,0.0
categorical__sprint_id_S2413,0.0
categorical__sprint_id_S2414,0.0
categorical__sprint_id_S2416,0.0
categorical__sprint_id_S2417,0.0
categorical__sprint_id_S2419,0.0
categorical__sprint_id_S2393,0.0
categorical__sprint_id_S2391,0.0
categorical__sprint_id_S239,0.0
categorical__sprint_id_S2371,0.0
categorical__sprint_id_S2347,0.0
categorical__sprint_id_S2348,0.0
categorical__sprint_id_S235,0.0
categorical__sprint_id_S2350,0.0
categorical__sprint_id_S236,0.0
categorical__sprint_id_S2360,0.0
categorical__sprint_id_S2365,0.0
categorical__sprint_id_S237,0.0
categorical__sprint_id_S2372,0.0
categorical__sprint_id_S2389,0.0
categorical__sprint_id_S2373,0.0
categorical__sprint_id_S2377,0.0
categorical__sprint_id_S2379,0.0
categorical__sprint_id_S238,0.0
categorical__sprint_id_S2383,0.0
categorical__sprint_id_S2385,0.0
categorical__sprint_id_S2386,0.0
categorical__sprint_id_S2388,0.0
categorical__sprint_id_S2581,0.0
categorical__sprint_id_S2583,0.0
categorical__sprint_id_S279,0.0
categorical__sprint_id_S2731,0.0
categorical__sprint_id_S2708,0.0
categorical__sprint_id_S2709,0.0
categorical__sprint_id_S2710,0.0
categorical__sprint_id_S2711,0.0
categorical__sprint_id_S2712,0.0
categorical__sprint_id_S2713,0.0
categorical__sprint_id_S2714,0.0
categorical__sprint_id_S2716,0.0
categorical__sprint_id_S2717,0.0
categorical__sprint_id_S2718,0.0
categorical__sprint_id_S2719,0.0
categorical__sprint_id_S272,0.0
categorical__sprint_id_S2720,0.0
categorical__sprint_id_S2722,0.0
categorical__sprint_id_S2723,0.0
categorical__sprint_id_S2724,0.0
categorical__sprint_id_S2725,0.0
categorical__sprint_id_S2726,0.0
categorical__sprint_id_S2728,0.0
categorical__sprint_id_S2707,0.0
categorical__sprint_id_S2706,0.0
categorical__sprint_id_S2705,0.0
categorical__sprint_id_S2693,0.0
categorical__sprint_id_S2685,0.0
categorical__sprint_id_S2686,0.0
categorical__sprint_id_S2687,0.0
categorical__sprint_id_S2688,0.0
categorical__sprint_id_S2689,0.0
categorical__sprint_id_S269,0.0
categorical__sprint_id_S2690,0.0
categorical__sprint_id_S2692,0.0
categorical__sprint_id_S2694,0.0
categorical__sprint_id_S2703,0.0
categorical__sprint_id_S2695,0.0
categorical__sprint_id_S2696,0.0
categorical__sprint_id_S2697,0.0
categorical__sprint_id_S2698,0.0
categorical__sprint_id_S27,0.0
categorical__sprint_id_S270,0.0
categorical__sprint_id_S2700,0.0
categorical__sprint_id_S2702,0.0
categorical__sprint_id_S2730,0.0
categorical__sprint_id_S2732,0.0
categorical__sprint_id_S2683,0.0
categorical__sprint_id_S2733,0.0
categorical__sprint_id_S2766,0.0
categorical__sprint_id_S2767,0.0
categorical__sprint_id_S2768,0.0
categorical__sprint_id_S277,0.0
categorical__sprint_id_S2770,0.0
categorical__sprint_id_S2775,0.0
categorical__sprint_id_S2776,0.0
categorical__sprint_id_S2777,0.0
categorical__sprint_id_S2778,0.0
categorical__sprint_id_S2779,0.0
categorical__sprint_id_S278,0.0
categorical__sprint_id_S2781,0.0
categorical__sprint_id_S2782,0.0
categorical__sprint_id_S2783,0.0
categorical__sprint_id_S2784,0.0
categorical__sprint_id_S2785,0.0
categorical__sprint_id_S2787,0.0
categorical__sprint_id_S2788,0.0
categorical__sprint_id_S2789,0.0
categorical__sprint_id_S2765,0.0
categorical__sprint_id_S2764,0.0
categorical__sprint_id_S2763,0.0
categorical__sprint_id_S2743,0.0
categorical__sprint_id_S2734,0.0
categorical__sprint_id_S2735,0.0
categorical__sprint_id_S2738,0.0
categorical__sprint_id_S2739,0.0
categorical__sprint_id_S274,0.0
categorical__sprint_id_S2740,0.0
categorical__sprint_id_S2741,0.0
categorical__sprint_id_S2742,0.0
categorical__sprint_id_S2744,0.0
categorical__sprint_id_S2762,0.0
categorical__sprint_id_S2748,0.0
categorical__sprint_id_S2754,0.0
categorical__sprint_id_S2755,0.0
categorical__sprint_id_S2756,0.0
categorical__sprint_id_S2757,0.0
categorical__sprint_id_S2759,0.0
categorical__sprint_id_S276,0.0
categorical__sprint_id_S2760,0.0
categorical__sprint_id_S2684,0.0
categorical__sprint_id_S2682,0.0
categorical__sprint_id_S2584,0.0
categorical__sprint_id_S2631,0.0
categorical__sprint_id_S2611,0.0
categorical__sprint_id_S2612,0.0
categorical__sprint_id_S2613,0.0
categorical__sprint_id_S2614,0.0
categorical__sprint_id_S2615,0.0
categorical__sprint_id_S2616,0.0
categorical__sprint_id_S2618,0.0
categorical__sprint_id_S2619,0.0
categorical__sprint_id_S262,0.0
categorical__sprint_id_S2620,0.0
categorical__sprint_id_S2621,0.0
categorical__sprint_id_S2622,0.0
categorical__sprint_id_S2623,0.0
categorical__sprint_id_S2624,0.0
categorical__sprint_id_S2625,0.0
categorical__sprint_id_S2626,0.0
categorical__sprint_id_S2627,0.0
categorical__sprint_id_S2629,0.0
categorical__sprint_id_S263,0.0
categorical__sprint_id_S2610,0.0
categorical__sprint_id_S2609,0.0
categorical__sprint_id_S2608,0.0
categorical__sprint_id_S2594,0.0
categorical__sprint_id_S2585,0.0
categorical__sprint_id_S2586,0.0
categorical__sprint_id_S2587,0.0
categorical__sprint_id_S2588,0.0
categorical__sprint_id_S2589,0.0
categorical__sprint_id_S259,0.0
categorical__sprint_id_S2590,0.0
categorical__sprint_id_S2591,0.0
categorical__sprint_id_S2597,0.0
categorical__sprint_id_S2607,0.0
categorical__sprint_id_S2598,0.0
categorical__sprint_id_S2599,0.0
categorical__sprint_id_S26,0.0
categorical__sprint_id_S2600,0.0
categorical__sprint_id_S2602,0.0
categorical__sprint_id_S2604,0.0
categorical__sprint_id_S2605,0.0
categorical__sprint_id_S2606,0.0
categorical__sprint_id_S2630,0.0
categorical__sprint_id_S2632,0.0
categorical__sprint_id_S2681,0.0
categorical__sprint_id_S2633,0.0
categorical__sprint_id_S266,0.0
categorical__sprint_id_S2661,0.0
categorical__sprint_id_S2662,0.0
categorical__sprint_id_S2663,0.0
categorical__sprint_id_S2664,0.0
categorical__sprint_id_S2665,0.0
categorical__sprint_id_S2666,0.0
categorical__sprint_id_S2667,0.0
categorical__sprint_id_S2668,0.0
categorical__sprint_id_S2669,0.0
categorical__sprint_id_S2670,0.0
categorical__sprint_id_S2672,0.0
categorical__sprint_id_S2673,0.0
categorical__sprint_id_S2675,0.0
categorical__sprint_id_S2676,0.0
categorical__sprint_id_S2677,0.0
categorical__sprint_id_S2678,0.0
categorical__sprint_id_S2679,0.0
categorical__sprint_id_S2680,0.0
categorical__sprint_id_S2659,0.0
categorical__sprint_id_S2658,0.0
categorical__sprint_id_S2657,0.0
categorical__sprint_id_S2642,0.0
categorical__sprint_id_S2634,0.0
categorical__sprint_id_S2635,0.0
categorical__sprint_id_S2636,0.0
categorical__sprint_id_S2637,0.0
categorical__sprint_id_S2638,0.0
categorical__sprint_id_S2639,0.0
categorical__sprint_id_S264,0.0
categorical__sprint_id_S2640,0.0
categorical__sprint_id_S2643,0.0
categorical__sprint_id_S2656,0.0
categorical__sprint_id_S2644,0.0
categorical__sprint_id_S2647,0.0
categorical__sprint_id_S2648,0.0
categorical__sprint_id_S2649,0.0
categorical__sprint_id_S2650,0.0
categorical__sprint_id_S2651,0.0
categorical__sprint_id_S2652,0.0
categorical__sprint_id_S2654,0.0
categorical__sprint_id_S999,0.0
